Transaction_ID,Date,Department,Revenue,Expense,Profit,Budget,Transaction_Count,Avg_Transaction_Value,Channel,Currency,Accounting_Basis,Budget_Variance,Budget_Variance_Pct,Profit_Margin_Pct
TXN-00001,2024-08-16,Procurement,322465.15,133876.21,188588.94,119399.02,53,6084.25,Direct,INR,Actual,14477.19,12.13,58.48
TXN-00002,2024-03-02,Legal,165591.39,191178.16,-25586.77,164023.37,65,2547.56,Enterprise,USD,Accrual,27154.79,16.56,-15.45
TXN-00003,2024-01-14,Marketing,309441.82,154855.11,154586.71,138849.88,137,2258.7,Online,USD,Accrual,16005.23,11.53,49.96
TXN-00004,2024-07-17,Human Resources,354248.31,212819.73,141428.58,232428.62,133,2663.52,Enterprise,INR,Accrual,-19608.89,-8.44,39.92
TXN-00005,2024-06-10,Sales,502612.4,356868.77,145743.63,398135.48,86,5844.33,Partner,INR,Actual,-41266.71,-10.36,29.0
TXN-00006,2025-04-11,R&D,496305.38,356850.84,139454.54,396084.84,88,5639.83,Online,INR,Accrual,-39234.0,-9.91,28.1
TXN-00007,2024-11-29,Human Resources,206581.21,227438.54,-20857.33,241209.06,127,1626.62,Direct,INR,Actual,-13770.52,-5.71,-10.1
TXN-00008,2026-12-29,Finance,173443.28,181697.25,-8253.97,169157.3,121,1433.42,Partner,INR,Actual,12539.95,7.41,-4.76
TXN-00009,2025-04-14,Procurement,341513.74,168256.25,173257.49,146358.81,112,3049.23,Online,USD,Accrual,21897.44,14.96,50.73
TXN-00010,2026-03-21,IT,237655.56,138273.64,99381.92,127763.22,111,2141.04,Online,INR,Accrual,10510.42,8.23,41.82
TXN-00011,2026-03-28,Human Resources,165796.23,299458.27,-133662.04,300314.09,51,3250.91,Direct,INR,Actual,-855.82,-0.28,-80.62
TXN-00012,2024-11-23,IT,226647.99,93976.1,132671.89,90638.61,99,2289.37,Online,INR,Actual,3337.49,3.68,58.54
TXN-00013,2024-08-22,IT,365436.54,245193.12,120243.42,264950.69,83,4402.85,Direct,USD,Actual,-19757.57,-7.46,32.9
TXN-00014,2026-07-18,Procurement,386144.78,272687.65,113457.13,253331.38,104,3712.93,Partner,INR,Actual,19356.27,7.64,29.38
TXN-00015,2025-09-03,IT,252298.86,123760.44,128538.42,119079.1,60,4204.98,Direct,INR,Accrual,4681.34,3.93,50.95
TXN-00016,2024-02-09,Legal,378729.58,273318.81,105410.77,300513.94,79,4794.05,Partner,USD,Actual,-27195.13,-9.05,27.83
TXN-00017,2024-06-24,Finance,245797.14,95226.75,150570.39,102671.64,138,1781.14,Partner,USD,Accrual,-7444.89,-7.25,61.26
TXN-00018,2024-12-04,R&D,381918.45,317055.03,64863.42,361223.61,109,3503.84,Partner,INR,Accrual,-44168.58,-12.23,16.98
TXN-00019,2026-02-03,Operations,574903.52,356752.64,218150.88,329772.04,48,11977.16,Online,USD,Actual,26980.6,8.18,37.95
TXN-00020,2025-03-27,Procurement,121297.93,218842.65,-97544.72,201046.92,44,2756.77,Online,USD,Actual,17795.73,8.85,-80.42
TXN-00021,2025-07-24,IT,245624.35,198631.46,46992.89,211940.91,113,2173.67,Enterprise,USD,Accrual,-13309.45,-6.28,19.13
TXN-00022,2026-04-13,Administration,128297.74,224976.2,-96678.46,215142.33,92,1394.54,Enterprise,INR,Actual,9833.87,4.57,-75.35
TXN-00023,2024-07-20,Procurement,220786.38,154646.57,66139.81,171426.0,71,3109.67,Partner,USD,Accrual,-16779.43,-9.79,29.96
TXN-00024,2024-10-14,Customer Support,155046.41,181778.18,-26731.77,202200.19,49,3164.21,Enterprise,INR,Actual,-20422.01,-10.1,-17.24
TXN-00025,2024-04-13,IT,399784.74,263926.07,135858.67,301060.17,136,2939.59,Partner,USD,Accrual,-37134.1,-12.33,33.98
TXN-00026,2026-09-12,Administration,359395.12,278537.43,80857.69,250514.1,40,8984.88,Enterprise,USD,Accrual,28023.33,11.19,22.5
TXN-00027,2025-08-07,Customer Support,308977.45,240711.17,68266.28,261173.66,124,2491.75,Enterprise,USD,Accrual,-20462.49,-7.83,22.09
TXN-00028,2025-03-21,Procurement,273754.09,199282.94,74471.15,214108.13,47,5824.56,Direct,INR,Actual,-14825.19,-6.92,27.2
TXN-00029,2024-04-26,Sales,428039.01,281590.24,146448.77,289618.53,126,3397.14,Partner,INR,Actual,-8028.29,-2.77,34.21
TXN-00030,2024-03-22,Logistics,124595.02,224622.1,-100027.08,229017.52,80,1557.44,Online,USD,Accrual,-4395.42,-1.92,-80.28
TXN-00031,2025-05-03,R&D,348946.46,327470.44,21476.02,307821.93,80,4361.83,Direct,USD,Actual,19648.51,6.38,6.15
TXN-00032,2024-05-30,Sales,474604.01,295084.07,179519.94,333438.45,48,9887.58,Partner,INR,Actual,-38354.38,-11.5,37.83
TXN-00033,2026-06-16,Sales,646238.97,353985.22,292253.75,405727.21,123,5253.98,Direct,INR,Accrual,-51741.99,-12.75,45.22
TXN-00034,2024-07-31,Marketing,179339.78,275736.8,-96397.02,295789.76,59,3039.66,Online,USD,Actual,-20052.96,-6.78,-53.75
TXN-00035,2025-12-03,Administration,306249.14,267640.82,38608.32,268075.13,72,4253.46,Direct,USD,Accrual,-434.31,-0.16,12.61
TXN-00036,2025-07-20,Procurement,101063.71,249646.23,-148582.52,259915.18,73,1384.43,Partner,INR,Accrual,-10268.95,-3.95,-147.02
TXN-00037,2024-01-20,Legal,122573.16,274283.41,-151710.25,307520.68,109,1124.52,Direct,INR,Actual,-33237.27,-10.81,-123.77
TXN-00038,2026-05-30,Marketing,112548.66,160223.33,-47674.67,181040.57,45,2501.08,Online,USD,Actual,-20817.24,-11.5,-42.36
TXN-00039,2024-07-29,Human Resources,334034.87,274509.63,59525.24,266799.54,119,2807.02,Partner,INR,Actual,7710.09,2.89,17.82
TXN-00040,2024-11-28,Marketing,364424.86,85453.0,278971.86,91517.54,82,4444.21,Enterprise,INR,Actual,-6064.54,-6.63,76.55
TXN-00041,2025-06-30,Marketing,336212.35,103781.04,232431.31,115368.2,100,3362.12,Partner,USD,Accrual,-11587.16,-10.04,69.13
TXN-00042,2025-12-17,R&D,455134.1,359411.69,95722.41,329536.34,124,3670.44,Partner,INR,Accrual,29875.35,9.07,21.03
TXN-00043,2024-05-22,R&D,337786.53,301504.91,36281.62,317742.59,108,3127.65,Online,INR,Actual,-16237.68,-5.11,10.74
TXN-00044,2025-06-18,Marketing,274176.92,296381.13,-22204.21,255325.57,116,2363.59,Enterprise,INR,Accrual,41055.56,16.08,-8.1
TXN-00045,2026-06-12,Logistics,395270.75,105442.07,289828.68,118079.45,64,6176.11,Online,USD,Accrual,-12637.38,-10.7,73.32
TXN-00046,2024-01-04,Sales,723951.31,341536.84,382414.47,364019.87,134,5402.62,Partner,INR,Actual,-22483.03,-6.18,52.82
TXN-00047,2025-11-07,Logistics,194174.69,266563.36,-72388.67,284136.89,78,2489.42,Online,INR,Accrual,-17573.53,-6.18,-37.28
TXN-00048,2026-04-04,Finance,188696.56,108003.32,80693.24,105425.7,88,2144.28,Partner,INR,Accrual,2577.62,2.44,42.76
TXN-00049,2026-04-11,Sales,691803.81,301658.74,390145.07,275430.96,140,4941.46,Online,INR,Accrual,26227.78,9.52,56.4
TXN-00050,2025-03-13,Sales,565615.17,403200.74,162414.43,439007.96,61,9272.38,Direct,USD,Accrual,-35807.22,-8.16,28.71
TXN-00051,2024-07-10,Administration,301838.7,129420.95,172417.75,117739.28,43,7019.5,Direct,USD,Accrual,11681.67,9.92,57.12
TXN-00052,2024-05-29,Operations,453610.25,387060.11,66550.14,351578.53,129,3516.36,Enterprise,INR,Actual,35481.58,10.09,14.67
TXN-00053,2024-10-29,IT,306286.72,276385.16,29901.56,306271.29,53,5778.99,Enterprise,USD,Accrual,-29886.13,-9.76,9.76
TXN-00054,2024-04-12,Sales,487219.4,394217.18,93002.22,389068.13,99,4921.41,Online,INR,Accrual,5149.05,1.32,19.09
TXN-00055,2026-10-30,Customer Support,349170.75,200531.83,148638.92,224427.69,135,2586.45,Enterprise,INR,Actual,-23895.86,-10.65,42.57
TXN-00056,2025-07-21,Sales,569608.96,290671.8,278937.16,285428.6,131,4348.16,Online,USD,Accrual,5243.2,1.84,48.97
TXN-00057,2025-10-16,Sales,428202.18,275641.21,152560.97,265969.12,59,7257.66,Partner,USD,Accrual,9672.09,3.64,35.63
TXN-00058,2025-11-08,Sales,563073.51,260585.17,302488.34,286609.12,89,6326.67,Direct,INR,Accrual,-26023.95,-9.08,53.72
TXN-00059,2026-09-03,Procurement,382822.5,145694.78,237127.72,140886.27,93,4116.37,Partner,INR,Accrual,4808.51,3.41,61.94
TXN-00060,2026-06-11,Operations,357256.2,337142.02,20114.18,355260.9,91,3925.89,Partner,INR,Actual,-18118.88,-5.1,5.63
TXN-00061,2026-12-29,Procurement,372078.66,210216.41,161862.25,220495.98,50,7441.57,Enterprise,USD,Accrual,-10279.57,-4.66,43.5
TXN-00062,2025-01-07,Procurement,178046.89,152017.59,26029.3,149951.64,83,2145.14,Enterprise,USD,Accrual,2065.95,1.38,14.62
TXN-00063,2025-05-31,Legal,241092.05,244785.34,-3693.29,211892.48,84,2870.14,Partner,INR,Actual,32892.86,15.52,-1.53
TXN-00064,2024-03-04,Administration,159808.2,84483.6,75324.6,75673.2,56,2853.72,Enterprise,INR,Actual,8810.4,11.64,47.13
TXN-00065,2026-08-10,Finance,176873.11,161156.94,15716.17,166276.54,135,1310.17,Direct,INR,Actual,-5119.6,-3.08,8.89
TXN-00066,2025-09-29,Legal,273605.42,284355.18,-10749.76,290821.14,88,3109.15,Enterprise,INR,Actual,-6465.96,-2.22,-3.93
TXN-00067,2024-06-04,Logistics,307184.32,217993.33,89190.99,191958.47,138,2225.97,Online,INR,Actual,26034.86,13.56,29.04
TXN-00068,2024-03-25,Human Resources,259823.57,225534.69,34288.88,196370.13,122,2129.7,Online,USD,Accrual,29164.56,14.85,13.2
TXN-00069,2026-09-30,Legal,230057.02,159681.37,70375.65,178439.54,98,2347.52,Partner,INR,Accrual,-18758.17,-10.51,30.59
TXN-00070,2026-09-17,Operations,458893.62,404274.46,54619.16,376184.93,71,6463.29,Direct,USD,Accrual,28089.53,7.47,11.9
TXN-00071,2025-05-14,Operations,492462.41,393592.04,98870.37,374274.14,103,4781.19,Online,USD,Actual,19317.9,5.16,20.08
TXN-00072,2025-12-27,R&D,335084.71,360851.2,-25766.49,382630.42,75,4467.8,Direct,INR,Actual,-21779.22,-5.69,-7.69
TXN-00073,2024-06-24,Administration,316022.4,187487.13,128535.27,202007.89,128,2468.93,Enterprise,INR,Accrual,-14520.76,-7.19,40.67
TXN-00074,2026-07-06,Procurement,127916.01,128751.21,-835.2,136159.06,79,1619.19,Online,INR,Accrual,-7407.85,-5.44,-0.65
TXN-00075,2026-05-21,Finance,265116.54,157398.32,107718.22,155214.19,79,3355.91,Online,USD,Actual,2184.13,1.41,40.63
TXN-00076,2025-10-08,Legal,322864.32,289193.06,33671.26,305691.25,64,5044.76,Partner,INR,Accrual,-16498.19,-5.4,10.43
TXN-00077,2026-12-10,Logistics,184899.61,102115.74,82783.87,92745.12,69,2679.7,Online,USD,Actual,9370.62,10.1,44.77
TXN-00078,2026-12-29,Marketing,182293.4,294344.88,-112051.48,299056.66,129,1413.13,Partner,INR,Accrual,-4711.78,-1.58,-61.47
TXN-00079,2024-07-29,Procurement,272219.27,183267.33,88951.94,179994.29,63,4320.94,Direct,USD,Accrual,3273.04,1.82,32.68
TXN-00080,2024-08-21,Legal,220212.23,96298.08,123914.15,100037.69,46,4787.22,Partner,USD,Accrual,-3739.61,-3.74,56.27
TXN-00081,2024-06-23,Administration,135535.47,248177.56,-112642.09,256093.26,119,1138.95,Partner,INR,Accrual,-7915.7,-3.09,-83.11
TXN-00082,2026-07-11,Operations,424338.28,380049.27,44289.01,371934.82,112,3788.73,Direct,INR,Actual,8114.45,2.18,10.44
TXN-00083,2025-03-01,IT,163307.56,225294.19,-61986.63,202115.28,62,2633.99,Direct,USD,Accrual,23178.91,11.47,-37.96
TXN-00084,2026-07-11,Finance,278143.36,144077.04,134066.32,132470.61,130,2139.56,Online,INR,Accrual,11606.43,8.76,48.2
TXN-00085,2024-05-25,IT,170027.14,138202.02,31825.12,150277.33,115,1478.5,Partner,INR,Actual,-12075.31,-8.04,18.72
TXN-00086,2024-11-01,R&D,456657.79,231425.57,225232.22,208231.37,79,5780.48,Online,INR,Accrual,23194.2,11.14,49.32
TXN-00087,2025-09-14,Finance,220752.56,139894.16,80858.4,141572.12,96,2299.51,Direct,INR,Accrual,-1677.96,-1.19,36.63
TXN-00088,2025-10-22,Logistics,175110.37,100091.92,75018.45,113961.99,113,1549.65,Direct,INR,Accrual,-13870.07,-12.17,42.84
TXN-00089,2024-03-23,Marketing,241150.25,223332.09,17818.16,251208.81,63,3827.78,Enterprise,INR,Accrual,-27876.72,-11.1,7.39
TXN-00090,2024-07-05,Operations,436990.26,336662.43,100327.83,353845.7,60,7283.17,Online,INR,Accrual,-17183.27,-4.86,22.96
TXN-00091,2025-08-13,IT,383558.06,258984.53,124573.53,262876.8,98,3913.86,Direct,INR,Accrual,-3892.27,-1.48,32.48
TXN-00092,2024-08-25,Customer Support,359473.18,261483.98,97989.2,222351.68,109,3297.92,Enterprise,INR,Actual,39132.3,17.6,27.26
TXN-00093,2026-11-27,Human Resources,286790.16,189668.48,97121.68,186370.58,46,6234.57,Partner,USD,Actual,3297.9,1.77,33.87
TXN-00094,2025-08-12,Operations,570211.65,362401.01,207810.64,311179.55,120,4751.76,Partner,INR,Accrual,51221.46,16.46,36.44
TXN-00095,2024-01-29,Sales,542796.74,288199.11,254597.63,317716.95,54,10051.79,Enterprise,INR,Actual,-29517.84,-9.29,46.9
TXN-00096,2026-10-17,Finance,187558.47,235190.56,-47632.09,229227.8,101,1857.01,Enterprise,USD,Actual,5962.76,2.6,-25.4
TXN-00097,2026-02-24,Administration,376560.44,191813.0,184747.44,213640.91,48,7845.01,Online,INR,Accrual,-21827.91,-10.22,49.06
TXN-00098,2025-11-27,Sales,493510.43,250436.09,243074.34,267419.49,115,4291.4,Enterprise,INR,Accrual,-16983.4,-6.35,49.25
TXN-00099,2026-09-18,Human Resources,199731.99,247831.99,-48100.0,238702.61,81,2465.83,Partner,INR,Actual,9129.38,3.82,-24.08
TXN-00100,2026-02-23,Administration,356803.89,170370.52,186433.37,161077.3,100,3568.04,Enterprise,INR,Actual,9293.22,5.77,52.25
TXN-00101,2026-10-11,Procurement,137873.88,292377.79,-154503.91,277641.48,52,2651.42,Enterprise,USD,Accrual,14736.31,5.31,-112.06
TXN-00102,2024-02-01,Finance,143246.62,271605.25,-128358.63,309898.07,49,2923.4,Enterprise,INR,Accrual,-38292.82,-12.36,-89.61
TXN-00103,2025-11-24,Logistics,307811.38,222964.06,84847.32,246493.37,126,2442.95,Enterprise,INR,Accrual,-23529.31,-9.55,27.56
TXN-00104,2024-03-14,Logistics,120526.22,218855.42,-98329.2,246492.2,69,1746.76,Direct,INR,Actual,-27636.78,-11.21,-81.58
TXN-00105,2024-07-24,Operations,391591.2,330909.23,60681.97,284146.52,81,4834.46,Direct,USD,Accrual,46762.71,16.46,15.5
TXN-00106,2026-06-01,Marketing,173259.23,170651.38,2607.85,179958.73,63,2750.15,Partner,USD,Accrual,-9307.35,-5.17,1.51
TXN-00107,2025-05-08,Operations,578207.25,304330.01,273877.24,300783.04,72,8030.66,Enterprise,USD,Actual,3546.97,1.18,47.37
TXN-00108,2026-08-10,R&D,419402.72,245276.1,174126.62,240988.41,84,4992.89,Online,INR,Accrual,4287.69,1.78,41.52
TXN-00109,2025-05-27,Operations,561325.98,313866.89,247459.09,303009.6,101,5557.68,Direct,USD,Accrual,10857.29,3.58,44.08
TXN-00110,2025-08-28,Finance,188569.23,295147.79,-106578.56,309158.14,75,2514.26,Direct,INR,Actual,-14010.35,-4.53,-56.52
TXN-00111,2026-10-14,R&D,443935.24,256818.94,187116.3,280081.49,68,6528.46,Partner,INR,Actual,-23262.55,-8.31,42.15
TXN-00112,2024-07-17,IT,293902.18,147965.23,145936.95,145338.4,114,2578.09,Online,INR,Actual,2626.83,1.81,49.65
TXN-00113,2025-08-27,Human Resources,324244.26,118640.82,205603.44,105548.56,109,2974.72,Online,INR,Accrual,13092.26,12.4,63.41
TXN-00114,2024-12-02,R&D,478512.24,371070.05,107442.19,423099.72,77,6214.44,Online,INR,Accrual,-52029.67,-12.3,22.45
TXN-00115,2024-06-03,Marketing,326245.45,129635.23,196610.22,136492.56,126,2589.25,Enterprise,INR,Accrual,-6857.33,-5.02,60.26
TXN-00116,2024-07-03,Customer Support,104175.6,198045.91,-93870.31,195359.58,126,826.79,Online,INR,Accrual,2686.33,1.38,-90.11
TXN-00117,2024-08-09,IT,170146.57,85505.42,84641.15,95361.67,111,1532.85,Online,INR,Actual,-9856.25,-10.34,49.75
TXN-00118,2024-05-09,IT,347156.61,280065.28,67091.33,263445.38,92,3773.44,Direct,USD,Actual,16619.9,6.31,19.33
TXN-00119,2025-09-15,Operations,379030.12,319916.01,59114.11,323519.54,89,4258.77,Enterprise,INR,Accrual,-3603.53,-1.11,15.6
TXN-00120,2024-11-12,Customer Support,296476.57,263412.48,33064.09,272551.75,75,3953.02,Direct,INR,Actual,-9139.27,-3.35,11.15
TXN-00121,2026-06-27,Operations,587638.79,425426.53,162212.26,374292.98,127,4627.08,Online,INR,Accrual,51133.55,13.66,27.6
TXN-00122,2024-05-04,Customer Support,182764.43,293005.51,-110241.08,332474.3,98,1864.94,Direct,INR,Actual,-39468.79,-11.87,-60.32
TXN-00123,2024-04-13,Human Resources,173070.67,107703.25,65367.42,109789.83,48,3605.64,Partner,INR,Actual,-2086.58,-1.9,37.77
TXN-00124,2025-11-03,Marketing,336593.13,211115.96,125477.17,197009.71,58,5803.33,Partner,INR,Actual,14106.25,7.16,37.28
TXN-00125,2024-08-13,IT,359934.37,108996.71,250937.66,104361.37,140,2570.96,Partner,INR,Actual,4635.34,4.44,69.72
TXN-00126,2024-12-22,R&D,263099.75,338674.89,-75575.14,341325.24,135,1948.89,Direct,INR,Accrual,-2650.35,-0.78,-28.72
TXN-00127,2026-11-17,Logistics,132716.2,190844.51,-58128.31,216346.05,45,2949.25,Online,INR,Actual,-25501.54,-11.79,-43.8
TXN-00128,2024-05-04,Operations,561824.64,352466.52,209358.12,311012.42,131,4288.74,Enterprise,USD,Actual,41454.1,13.33,37.26
TXN-00129,2025-10-21,Logistics,144500.15,107762.15,36738.0,111781.17,114,1267.55,Online,INR,Accrual,-4019.02,-3.6,25.42
TXN-00130,2026-07-18,Sales,611899.38,266860.34,345039.04,283014.42,123,4974.79,Partner,INR,Actual,-16154.08,-5.71,56.39
TXN-00131,2026-04-27,Human Resources,348225.77,167720.64,180505.13,179273.87,80,4352.82,Enterprise,INR,Accrual,-11553.23,-6.44,51.84
TXN-00132,2026-02-05,Marketing,306046.31,184338.93,121707.38,161732.97,50,6120.93,Direct,INR,Accrual,22605.96,13.98,39.77
TXN-00133,2024-09-23,Sales,420993.34,412626.19,8367.15,420261.84,125,3367.95,Direct,INR,Accrual,-7635.65,-1.82,1.99
TXN-00134,2024-04-15,R&D,400102.52,276263.39,123839.13,282721.2,67,5971.68,Partner,INR,Actual,-6457.81,-2.28,30.95
TXN-00135,2024-08-09,Human Resources,353612.03,160863.43,192748.6,173536.52,113,3129.31,Partner,INR,Actual,-12673.09,-7.3,54.51
TXN-00136,2025-07-01,Procurement,154124.82,234593.73,-80468.91,221150.43,83,1856.93,Online,USD,Actual,13443.3,6.08,-52.21
TXN-00137,2026-03-31,Legal,142562.4,219297.84,-76735.44,188420.07,135,1056.02,Partner,INR,Accrual,30877.77,16.39,-53.83
TXN-00138,2025-11-29,Marketing,211015.93,238751.11,-27735.18,258579.55,112,1884.07,Direct,INR,Actual,-19828.44,-7.67,-13.14
TXN-00139,2024-11-18,Logistics,114928.75,97947.94,16980.81,96276.35,94,1222.65,Enterprise,INR,Accrual,1671.59,1.74,14.78
TXN-00140,2025-07-13,Administration,326482.94,105039.85,221443.09,102831.29,76,4295.83,Enterprise,INR,Accrual,2208.56,2.15,67.83
TXN-00141,2024-04-03,Administration,218579.02,211851.49,6727.53,180562.32,78,2802.3,Partner,INR,Accrual,31289.17,17.33,3.08
TXN-00142,2025-08-15,Human Resources,135995.3,189424.77,-53429.47,185484.07,56,2428.49,Enterprise,INR,Actual,3940.7,2.12,-39.29
TXN-00143,2026-10-21,Sales,691673.97,387054.03,304619.94,337365.06,134,5161.75,Direct,INR,Accrual,49688.97,14.73,44.04
TXN-00144,2024-06-08,Human Resources,272727.75,206147.93,66579.82,219104.26,93,2932.56,Online,USD,Actual,-12956.33,-5.91,24.41
TXN-00145,2025-10-27,Marketing,340396.65,215987.56,124409.09,237501.6,86,3958.1,Direct,INR,Actual,-21514.04,-9.06,36.55
TXN-00146,2025-05-13,Customer Support,276661.39,195271.76,81389.63,189165.61,79,3502.04,Online,USD,Actual,6106.15,3.23,29.42
TXN-00147,2024-06-05,Sales,621628.63,340202.82,281425.81,308962.37,139,4472.15,Online,INR,Actual,31240.45,10.11,45.27
TXN-00148,2025-04-28,Legal,143933.27,123399.8,20533.47,127190.6,137,1050.61,Direct,USD,Accrual,-3790.8,-2.98,14.27
TXN-00149,2026-08-08,Logistics,327963.14,178759.16,149203.98,201505.6,112,2928.24,Online,INR,Accrual,-22746.44,-11.29,45.49
TXN-00150,2024-11-05,Operations,367071.56,355175.37,11896.19,334165.37,75,4894.29,Direct,INR,Actual,21010.0,6.29,3.24
TXN-00151,2025-09-27,Operations,462978.47,289671.31,173307.16,318496.21,49,9448.54,Direct,INR,Accrual,-28824.9,-9.05,37.43
TXN-00152,2026-08-05,Logistics,266294.91,254199.92,12094.99,284389.47,97,2745.31,Partner,INR,Accrual,-30189.55,-10.62,4.54
TXN-00153,2026-10-23,Marketing,387316.71,179115.08,208201.63,195824.73,83,4666.47,Direct,INR,Actual,-16709.65,-8.53,53.75
TXN-00154,2024-03-21,Administration,312286.51,298016.92,14269.59,300168.77,118,2646.5,Partner,INR,Accrual,-2151.85,-0.72,4.57
TXN-00155,2026-03-04,Customer Support,332339.44,229357.5,102981.94,198557.0,120,2769.5,Online,USD,Actual,30800.5,15.51,30.99
TXN-00156,2026-03-02,R&D,312998.95,356250.6,-43251.65,405884.51,117,2675.2,Partner,INR,Actual,-49633.91,-12.23,-13.82
TXN-00157,2025-12-17,R&D,491924.13,331756.79,160167.34,321003.69,116,4240.73,Direct,INR,Accrual,10753.1,3.35,32.56
TXN-00158,2025-11-03,Marketing,301034.92,262370.97,38663.95,281165.23,127,2370.35,Direct,INR,Accrual,-18794.26,-6.68,12.84
TXN-00159,2026-11-07,Human Resources,105469.16,147950.54,-42481.38,167975.76,83,1270.71,Enterprise,USD,Actual,-20025.22,-11.92,-40.28
TXN-00160,2024-11-13,Legal,188737.63,253386.44,-64648.81,253970.98,109,1731.54,Direct,INR,Actual,-584.54,-0.23,-34.25
TXN-00161,2026-02-10,Marketing,148674.16,262895.91,-114221.75,284277.06,61,2437.28,Enterprise,USD,Accrual,-21381.15,-7.52,-76.83
TXN-00162,2025-05-01,Operations,502648.86,407906.5,94742.36,442635.7,69,7284.77,Partner,INR,Accrual,-34729.2,-7.85,18.85
TXN-00163,2025-02-01,Human Resources,303492.05,205492.27,97999.78,201830.24,138,2199.22,Online,INR,Accrual,3662.03,1.81,32.29
TXN-00164,2024-11-27,Administration,340377.77,110447.68,229930.09,102164.21,122,2789.98,Enterprise,INR,Actual,8283.47,8.11,67.55
TXN-00165,2026-11-22,Legal,185518.9,247885.7,-62366.8,230989.16,105,1766.85,Partner,INR,Actual,16896.54,7.31,-33.62
TXN-00166,2025-03-30,Operations,571157.44,438180.23,132977.21,426993.08,90,6346.19,Online,USD,Actual,11187.15,2.62,23.28
TXN-00167,2026-02-06,Administration,108456.26,284781.7,-176325.44,313759.06,123,881.76,Online,INR,Actual,-28977.36,-9.24,-162.58
TXN-00168,2024-03-19,R&D,479349.04,295592.79,183756.25,324954.95,137,3498.9,Enterprise,INR,Actual,-29362.16,-9.04,38.33
TXN-00169,2024-06-11,Procurement,176777.18,263691.88,-86914.7,267552.66,133,1329.15,Enterprise,USD,Accrual,-3860.78,-1.44,-49.17
TXN-00170,2025-05-01,R&D,280462.09,258150.32,22311.77,268911.45,119,2356.82,Enterprise,USD,Accrual,-10761.13,-4.0,7.96
TXN-00171,2024-02-03,IT,254612.72,133226.39,121386.33,118980.9,94,2708.65,Direct,INR,Actual,14245.49,11.97,47.67
TXN-00172,2026-05-03,Marketing,299311.39,98835.07,200476.32,112908.82,48,6235.65,Direct,INR,Accrual,-14073.75,-12.46,66.98
TXN-00173,2024-03-30,IT,216064.4,162126.53,53937.87,174155.5,85,2541.93,Direct,INR,Actual,-12028.97,-6.91,24.96
TXN-00174,2025-11-11,Marketing,113300.71,200123.02,-86822.31,218945.12,62,1827.43,Enterprise,INR,Accrual,-18822.1,-8.6,-76.63
TXN-00175,2025-01-08,Marketing,118930.16,250761.89,-131831.73,247578.19,77,1544.55,Partner,USD,Actual,3183.7,1.29,-110.85
TXN-00176,2024-03-26,Human Resources,380011.29,193384.39,186626.9,221761.0,109,3486.34,Enterprise,USD,Actual,-28376.61,-12.8,49.11
TXN-00177,2025-08-08,Human Resources,358641.56,90516.89,268124.67,94745.79,74,4846.51,Direct,INR,Accrual,-4228.9,-4.46,74.76
TXN-00178,2026-03-30,Finance,231920.99,290425.32,-58504.33,276400.97,63,3681.29,Enterprise,INR,Accrual,14024.35,5.07,-25.23
TXN-00179,2026-11-29,R&D,450287.02,336333.01,113954.01,293846.79,117,3848.61,Partner,INR,Accrual,42486.22,14.46,25.31
TXN-00180,2024-07-29,Legal,198375.97,145040.79,53335.18,142687.46,131,1514.32,Enterprise,USD,Accrual,2353.33,1.65,26.89
TXN-00181,2025-12-20,Operations,360588.79,427906.32,-67317.53,408979.08,95,3795.67,Online,INR,Actual,18927.24,4.63,-18.67
TXN-00182,2024-06-02,IT,291253.76,159928.45,131325.31,174374.59,126,2311.54,Partner,INR,Actual,-14446.14,-8.28,45.09
TXN-00183,2026-06-16,Procurement,137869.01,131918.98,5950.03,137663.9,86,1603.13,Enterprise,INR,Actual,-5744.92,-4.17,4.32
TXN-00184,2024-11-10,IT,234976.77,161612.19,73364.58,158894.16,49,4795.44,Partner,INR,Accrual,2718.03,1.71,31.22
TXN-00185,2025-10-05,IT,183606.93,291314.41,-107707.48,249881.93,63,2914.4,Enterprise,INR,Actual,41432.48,16.58,-58.66
TXN-00186,2025-06-20,R&D,426009.45,254331.27,171678.18,262867.43,128,3328.2,Enterprise,USD,Actual,-8536.16,-3.25,40.3
TXN-00187,2024-05-31,Operations,393164.09,401272.88,-8108.79,461134.26,127,3095.78,Online,INR,Actual,-59861.38,-12.98,-2.06
TXN-00188,2025-08-17,R&D,462840.51,333889.46,128951.05,376693.2,121,3825.13,Partner,INR,Actual,-42803.74,-11.36,27.86
TXN-00189,2024-09-05,Administration,337619.7,132081.96,205537.74,131845.08,86,3925.81,Online,INR,Actual,236.88,0.18,60.88
TXN-00190,2024-06-25,Legal,192787.22,299910.91,-107123.69,319603.33,107,1801.75,Enterprise,INR,Actual,-19692.42,-6.16,-55.57
TXN-00191,2024-09-13,Human Resources,292701.58,178994.39,113707.19,188665.94,84,3484.54,Partner,INR,Actual,-9671.55,-5.13,38.85
TXN-00192,2024-09-21,Customer Support,250859.14,271006.56,-20147.42,297949.28,106,2366.6,Partner,INR,Actual,-26942.72,-9.04,-8.03
TXN-00193,2025-10-22,Finance,167641.09,288446.29,-120805.2,290081.59,76,2205.8,Direct,USD,Accrual,-1635.3,-0.56,-72.06
TXN-00194,2024-09-13,IT,190847.38,197365.17,-6517.79,197517.52,61,3128.65,Partner,USD,Accrual,-152.35,-0.08,-3.42
TXN-00195,2024-03-25,Procurement,124366.86,288680.31,-164313.45,312151.96,73,1703.66,Partner,INR,Accrual,-23471.65,-7.52,-132.12
TXN-00196,2024-03-03,Operations,572249.22,372748.17,199501.05,388616.87,78,7336.53,Enterprise,USD,Accrual,-15868.7,-4.08,34.86
TXN-00197,2025-09-01,Operations,368243.26,290185.22,78058.04,284927.54,101,3645.97,Enterprise,USD,Actual,5257.68,1.85,21.2
TXN-00198,2025-10-02,Finance,195794.92,297365.14,-101570.22,283570.72,91,2151.59,Partner,INR,Actual,13794.42,4.86,-51.88
TXN-00199,2025-10-15,Administration,239941.77,138843.77,101098.0,128343.8,52,4614.26,Direct,USD,Accrual,10499.97,8.18,42.13
TXN-00200,2026-05-06,Administration,388805.76,278508.38,110297.38,304700.24,113,3440.76,Online,USD,Actual,-26191.86,-8.6,28.37
TXN-00201,2026-10-17,Sales,563385.29,399442.86,163942.43,399127.73,51,11046.77,Enterprise,INR,Actual,315.13,0.08,29.1
TXN-00202,2025-03-16,Logistics,205868.53,91118.89,114749.64,90979.32,123,1673.73,Enterprise,USD,Actual,139.57,0.15,55.74
TXN-00203,2024-08-08,Customer Support,140180.48,138184.04,1996.44,132619.82,91,1540.44,Online,USD,Actual,5564.22,4.2,1.42
TXN-00204,2025-02-02,Human Resources,265966.88,96176.98,169789.9,96299.77,137,1941.36,Online,INR,Actual,-122.79,-0.13,63.84
TXN-00205,2024-09-20,Legal,218171.11,254877.39,-36706.28,242573.33,86,2536.87,Partner,USD,Accrual,12304.06,5.07,-16.82
TXN-00206,2026-10-21,Procurement,113591.01,110148.0,3443.01,104630.93,100,1135.91,Enterprise,USD,Actual,5517.07,5.27,3.03
TXN-00207,2025-11-02,Logistics,195559.01,166450.01,29109.0,172267.46,78,2507.17,Online,INR,Accrual,-5817.45,-3.38,14.89
TXN-00208,2025-09-05,Operations,553937.21,342620.83,211316.38,360485.74,93,5956.31,Online,INR,Actual,-17864.91,-4.96,38.15
TXN-00209,2026-08-29,R&D,491767.67,345264.64,146503.03,373869.33,113,4351.93,Partner,INR,Accrual,-28604.69,-7.65,29.79
TXN-00210,2024-12-15,Sales,620158.83,355355.09,264803.74,391725.73,58,10692.39,Partner,USD,Actual,-36370.64,-9.28,42.7
TXN-00211,2025-01-25,Procurement,232311.57,172131.67,60179.9,167636.97,66,3519.87,Enterprise,INR,Accrual,4494.7,2.68,25.9
TXN-00212,2024-05-07,Finance,141424.75,125615.18,15809.57,119022.25,124,1140.52,Enterprise,INR,Accrual,6592.93,5.54,11.18
TXN-00213,2024-12-20,Operations,578031.04,338195.59,239835.45,323411.74,138,4188.63,Online,INR,Actual,14783.85,4.57,41.49
TXN-00214,2025-05-19,R&D,389521.66,255978.73,133542.93,292295.25,78,4993.87,Online,INR,Accrual,-36316.52,-12.42,34.28
TXN-00215,2025-10-11,Operations,437200.79,438729.06,-1528.27,477609.93,75,5829.34,Online,USD,Accrual,-38880.87,-8.14,-0.35
TXN-00216,2026-03-19,Human Resources,386382.66,257015.48,129367.18,240858.41,76,5083.98,Direct,INR,Accrual,16157.07,6.71,33.48
TXN-00217,2025-06-09,Finance,243723.78,124454.96,119268.82,125895.32,111,2195.71,Online,USD,Actual,-1440.36,-1.14,48.94
TXN-00218,2025-05-11,Procurement,300950.19,196829.13,104121.06,204974.58,46,6542.4,Direct,INR,Accrual,-8145.45,-3.97,34.6
TXN-00219,2024-07-24,IT,331229.82,81139.92,250089.9,82365.6,60,5520.5,Enterprise,INR,Accrual,-1225.68,-1.49,75.5
TXN-00220,2026-09-04,IT,159836.79,292061.09,-132224.3,276392.1,122,1310.14,Direct,INR,Actual,15668.99,5.67,-82.72
TXN-00221,2025-04-20,Sales,658540.28,394556.63,263983.65,339788.02,62,10621.62,Enterprise,INR,Actual,54768.61,16.12,40.09
TXN-00222,2024-03-15,Customer Support,336388.19,120988.56,215399.63,130026.52,77,4368.68,Direct,USD,Actual,-9037.96,-6.95,64.03
TXN-00223,2025-11-17,R&D,363587.27,322609.99,40977.28,324963.61,57,6378.72,Enterprise,USD,Actual,-2353.62,-0.72,11.27
TXN-00224,2025-11-08,Marketing,319335.77,222622.77,96713.0,237222.25,41,7788.68,Online,INR,Actual,-14599.48,-6.15,30.29
TXN-00225,2024-12-25,Logistics,356843.95,277349.41,79494.54,304556.54,105,3398.51,Online,USD,Actual,-27207.13,-8.93,22.28
TXN-00226,2025-01-13,Marketing,243236.23,285881.59,-42645.36,243585.13,89,2732.99,Partner,INR,Accrual,42296.46,17.36,-17.53
TXN-00227,2025-11-06,R&D,395615.19,311660.38,83954.81,289366.05,86,4600.18,Partner,USD,Actual,22294.33,7.7,21.22
TXN-00228,2026-08-11,R&D,289929.21,329771.78,-39842.57,371630.31,130,2230.22,Online,INR,Accrual,-41858.53,-11.26,-13.74
TXN-00229,2026-01-22,Logistics,166254.77,290619.32,-124364.55,288717.09,98,1696.48,Online,INR,Accrual,1902.23,0.66,-74.8
TXN-00230,2025-03-23,Administration,304102.58,211079.18,93023.4,229276.57,107,2842.08,Enterprise,INR,Accrual,-18197.39,-7.94,30.59
TXN-00231,2024-06-08,Logistics,133662.64,262330.29,-128667.65,294037.22,65,2056.35,Partner,USD,Accrual,-31706.93,-10.78,-96.26
TXN-00232,2024-08-26,IT,161620.45,208292.49,-46672.04,182731.35,105,1539.24,Enterprise,INR,Accrual,25561.14,13.99,-28.88
TXN-00233,2024-09-27,Sales,545398.6,345864.9,199533.7,351965.67,126,4328.56,Online,INR,Accrual,-6100.77,-1.73,36.58
TXN-00234,2025-06-05,Procurement,323741.34,207228.48,116512.86,178959.81,84,3854.06,Direct,INR,Actual,28268.67,15.8,35.99
TXN-00235,2024-05-21,Operations,357933.72,349507.38,8426.34,377709.7,138,2593.72,Enterprise,INR,Accrual,-28202.32,-7.47,2.35
TXN-00236,2026-07-07,Customer Support,212693.66,230200.68,-17507.02,241374.11,109,1951.32,Partner,INR,Accrual,-11173.43,-4.63,-8.23
TXN-00237,2024-08-30,Marketing,397854.03,166472.9,231381.13,147861.92,68,5850.79,Direct,INR,Accrual,18610.98,12.59,58.16
TXN-00238,2026-08-06,IT,315728.19,173308.17,142420.02,167031.46,69,4575.77,Partner,INR,Actual,6276.71,3.76,45.11
TXN-00239,2025-07-18,Administration,381223.11,239505.27,141717.84,211687.55,124,3074.38,Enterprise,INR,Actual,27817.72,13.14,37.17
TXN-00240,2025-05-07,Administration,120187.27,210667.71,-90480.44,207282.77,126,953.87,Direct,USD,Actual,3384.94,1.63,-75.28
TXN-00241,2026-04-03,Operations,408584.82,316935.77,91649.05,351519.51,47,8693.29,Partner,INR,Accrual,-34583.74,-9.84,22.43
TXN-00242,2025-04-24,Finance,272833.1,207044.46,65788.64,223972.72,81,3368.31,Partner,INR,Actual,-16928.26,-7.56,24.11
TXN-00243,2026-12-03,Administration,224068.06,140533.86,83534.2,142925.1,115,1948.42,Partner,INR,Accrual,-2391.24,-1.67,37.28
TXN-00244,2026-10-12,Procurement,391687.07,287149.01,104538.06,301909.26,140,2797.76,Online,INR,Accrual,-14760.25,-4.89,26.69
TXN-00245,2024-11-01,R&D,344115.05,340706.58,3408.47,337999.89,68,5060.52,Online,INR,Actual,2706.69,0.8,0.99
TXN-00246,2026-08-06,Procurement,268715.78,292912.96,-24197.18,297946.97,57,4714.31,Enterprise,USD,Actual,-5034.01,-1.69,-9.0
TXN-00247,2025-11-07,IT,123721.13,178953.1,-55231.97,172031.78,108,1145.57,Partner,USD,Accrual,6921.32,4.02,-44.64
TXN-00248,2024-03-21,Legal,156448.99,247573.21,-91124.22,264232.8,111,1409.45,Partner,INR,Accrual,-16659.59,-6.3,-58.25
TXN-00249,2025-09-12,Procurement,163542.33,121805.21,41737.12,130629.09,135,1211.42,Enterprise,INR,Actual,-8823.88,-6.75,25.52
TXN-00250,2026-03-23,Administration,265623.79,250613.05,15010.74,241640.73,108,2459.48,Online,INR,Accrual,8972.32,3.71,5.65
TXN-00251,2026-11-16,Operations,466501.02,416478.83,50022.19,444267.99,137,3405.12,Online,INR,Accrual,-27789.16,-6.26,10.72
TXN-00252,2025-10-02,Customer Support,113714.63,270098.67,-156384.04,289647.25,42,2707.49,Online,INR,Accrual,-19548.58,-6.75,-137.52
TXN-00253,2025-08-27,Marketing,158857.53,130604.1,28253.43,133338.54,71,2237.43,Enterprise,INR,Accrual,-2734.44,-2.05,17.79
TXN-00254,2025-06-11,Operations,591627.07,389088.06,202539.01,387990.32,61,9698.8,Online,USD,Accrual,1097.74,0.28,34.23
TXN-00255,2025-01-11,Sales,746613.24,412730.27,333882.97,415695.05,49,15237.0,Direct,INR,Accrual,-2964.78,-0.71,44.72
TXN-00256,2024-10-08,IT,169430.02,235577.3,-66147.28,200886.76,104,1629.13,Enterprise,INR,Accrual,34690.54,17.27,-39.04
TXN-00257,2026-09-26,Procurement,101983.71,201361.58,-99377.87,171873.24,107,953.12,Online,INR,Accrual,29488.34,17.16,-97.44
TXN-00258,2024-02-05,Sales,684605.03,364585.6,320019.43,398072.9,62,11042.02,Direct,INR,Actual,-33487.3,-8.41,46.75
TXN-00259,2025-05-08,Administration,285934.25,135532.0,150402.25,129613.63,90,3177.05,Direct,INR,Accrual,5918.37,4.57,52.6
TXN-00260,2026-07-29,Logistics,172962.37,233391.99,-60429.62,219386.69,50,3459.25,Direct,USD,Accrual,14005.3,6.38,-34.94
TXN-00261,2026-02-11,Sales,566601.79,358247.17,208354.62,380047.78,50,11332.04,Enterprise,INR,Accrual,-21800.61,-5.74,36.77
TXN-00262,2024-07-14,Sales,721703.28,289060.3,432642.98,323857.92,128,5638.31,Enterprise,USD,Actual,-34797.62,-10.74,59.95
TXN-00263,2025-07-28,Sales,597228.45,255593.3,341635.15,288470.24,80,7465.36,Direct,INR,Actual,-32876.94,-11.4,57.2
TXN-00264,2026-03-26,Legal,189783.07,204070.8,-14287.73,208154.01,89,2132.39,Online,INR,Actual,-4083.21,-1.96,-7.53
TXN-00265,2024-06-09,Sales,660909.8,308796.11,352113.69,271526.19,69,9578.4,Direct,INR,Accrual,37269.92,13.73,53.28
TXN-00266,2025-10-30,Procurement,290236.88,252380.59,37856.29,248636.54,69,4206.33,Online,INR,Accrual,3744.05,1.51,13.04
TXN-00267,2026-06-03,Marketing,303908.46,225347.82,78560.64,197338.94,119,2553.85,Online,INR,Actual,28008.88,14.19,25.85
TXN-00268,2024-06-17,R&D,288555.24,333868.34,-45313.1,347279.92,134,2153.4,Enterprise,INR,Actual,-13411.58,-3.86,-15.7
TXN-00269,2024-07-06,Procurement,382888.07,177841.89,205046.18,191785.4,53,7224.3,Partner,USD,Accrual,-13943.51,-7.27,53.55
TXN-00270,2026-07-08,Sales,594159.0,319367.51,274791.49,273978.54,85,6990.11,Direct,INR,Accrual,45388.97,16.57,46.25
TXN-00271,2026-02-27,Procurement,187554.21,165315.9,22238.31,144719.17,111,1689.68,Partner,INR,Actual,20596.73,14.23,11.86
TXN-00272,2026-02-18,Marketing,141652.02,146248.88,-4596.86,145947.2,48,2951.08,Partner,INR,Accrual,301.68,0.21,-3.25
TXN-00273,2025-09-05,Operations,545666.66,341391.24,204275.42,386887.32,132,4133.84,Enterprise,INR,Actual,-45496.08,-11.76,37.44
TXN-00274,2026-07-26,Legal,140646.86,81488.82,59158.04,78938.84,119,1181.91,Enterprise,INR,Accrual,2549.98,3.23,42.06
TXN-00275,2026-06-20,Human Resources,229184.87,261177.75,-31992.88,273011.99,116,1975.73,Partner,INR,Actual,-11834.24,-4.33,-13.96
TXN-00276,2026-09-08,Human Resources,153291.18,167612.71,-14321.53,158518.26,134,1143.96,Enterprise,INR,Actual,9094.45,5.74,-9.34
TXN-00277,2025-10-29,Customer Support,184090.04,252890.64,-68800.6,242649.75,112,1643.66,Partner,INR,Actual,10240.89,4.22,-37.37
TXN-00278,2024-02-25,Finance,238486.67,235840.75,2645.92,231486.3,77,3097.23,Direct,INR,Accrual,4354.45,1.88,1.11
TXN-00279,2026-10-19,Marketing,290000.81,133244.66,156756.15,139586.96,131,2213.75,Enterprise,INR,Actual,-6342.3,-4.54,54.05
TXN-00280,2026-07-08,Logistics,243770.41,168177.12,75593.29,168510.75,128,1904.46,Enterprise,INR,Accrual,-333.63,-0.2,31.01
TXN-00281,2024-06-23,Legal,330686.21,224672.36,106013.85,214899.71,122,2710.54,Direct,INR,Accrual,9772.65,4.55,32.06
TXN-00282,2025-11-10,Customer Support,131783.37,101693.44,30089.93,93212.24,135,976.17,Partner,INR,Accrual,8481.2,9.1,22.83
TXN-00283,2026-08-06,IT,276576.99,190102.47,86474.52,181260.85,43,6432.02,Enterprise,USD,Accrual,8841.62,4.88,31.27
TXN-00284,2024-06-24,Legal,349395.32,240633.16,108762.16,229684.01,83,4209.58,Enterprise,INR,Accrual,10949.15,4.77,31.13
TXN-00285,2025-12-14,Operations,374405.76,402738.97,-28333.21,396993.56,48,7800.12,Online,USD,Actual,5745.41,1.45,-7.57
TXN-00286,2024-02-16,Human Resources,294390.98,228970.65,65420.33,205914.73,134,2196.95,Partner,INR,Actual,23055.92,11.2,22.22
TXN-00287,2025-11-08,Sales,549229.28,328549.21,220680.07,357897.44,120,4576.91,Partner,USD,Accrual,-29348.23,-8.2,40.18
TXN-00288,2026-03-21,Procurement,321216.51,274281.42,46935.09,270132.23,94,3417.2,Enterprise,USD,Actual,4149.19,1.54,14.61
TXN-00289,2025-02-25,R&D,438081.37,349396.77,88684.6,303545.13,53,8265.69,Partner,INR,Actual,45851.64,15.11,20.24
TXN-00290,2026-07-26,Legal,178706.02,269780.04,-91074.02,272023.13,121,1476.91,Online,INR,Accrual,-2243.09,-0.82,-50.96
TXN-00291,2024-08-21,Human Resources,205595.48,180729.33,24866.15,162974.17,126,1631.71,Online,INR,Actual,17755.16,10.89,12.09
TXN-00292,2024-10-01,Human Resources,135358.5,147183.6,-11825.1,133188.41,128,1057.49,Partner,INR,Accrual,13995.19,10.51,-8.74
TXN-00293,2024-10-09,Logistics,215112.99,120865.81,94247.18,125779.06,128,1680.57,Partner,INR,Accrual,-4913.25,-3.91,43.81
TXN-00294,2025-08-14,Marketing,156129.57,265236.75,-109107.18,274738.32,85,1836.82,Direct,INR,Actual,-9501.57,-3.46,-69.88
TXN-00295,2026-02-25,Sales,576903.31,334144.87,242758.44,352659.5,93,6203.26,Enterprise,INR,Actual,-18514.63,-5.25,42.08
TXN-00296,2024-03-04,Administration,187626.97,140467.64,47159.33,142052.48,61,3075.85,Enterprise,INR,Accrual,-1584.84,-1.12,25.13
TXN-00297,2026-11-12,Legal,271814.22,138935.56,132878.66,140732.25,86,3160.63,Direct,INR,Accrual,-1796.69,-1.28,48.89
TXN-00298,2025-03-23,Customer Support,130724.93,262615.56,-131890.63,282417.73,78,1675.96,Direct,INR,Accrual,-19802.17,-7.01,-100.89
TXN-00299,2024-06-27,Operations,566322.62,299955.62,266367.0,328021.47,66,8580.65,Online,INR,Accrual,-28065.85,-8.56,47.03
TXN-00300,2024-12-05,Logistics,141770.49,125456.32,16314.17,114426.55,47,3016.39,Online,INR,Actual,11029.77,9.64,11.51
TXN-00301,2025-10-24,Finance,187790.41,206001.83,-18211.42,233960.23,105,1788.48,Direct,USD,Accrual,-27958.4,-11.95,-9.7
TXN-00302,2024-05-01,R&D,466761.9,240302.11,226459.79,266692.96,71,6574.11,Partner,INR,Actual,-26390.85,-9.9,48.52
TXN-00303,2026-03-15,Operations,385542.91,387508.34,-1965.43,402366.9,88,4381.17,Enterprise,USD,Actual,-14858.56,-3.69,-0.51
TXN-00304,2026-04-05,Sales,662430.83,368099.61,294331.22,409766.72,98,6759.5,Enterprise,INR,Actual,-41667.11,-10.17,44.43
TXN-00305,2024-07-09,Finance,391645.09,219664.92,171980.17,232666.16,48,8159.27,Enterprise,USD,Accrual,-13001.24,-5.59,43.91
TXN-00306,2025-03-09,Operations,417134.21,420818.41,-3684.2,400335.72,113,3691.45,Partner,INR,Accrual,20482.69,5.12,-0.88
TXN-00307,2025-12-04,IT,328676.21,90107.44,238568.77,93518.35,98,3353.84,Direct,USD,Actual,-3410.91,-3.65,72.58
TXN-00308,2026-06-22,Operations,350168.98,442865.4,-92696.42,403315.51,128,2735.7,Partner,INR,Accrual,39549.89,9.81,-26.47
TXN-00309,2024-11-21,R&D,273335.0,277669.66,-4334.66,242884.92,125,2186.68,Partner,USD,Accrual,34784.74,14.32,-1.59
TXN-00310,2025-04-24,Customer Support,296645.57,234813.57,61832.0,199668.06,101,2937.08,Direct,USD,Actual,35145.51,17.6,20.84
TXN-00311,2026-11-29,IT,233520.06,81773.77,151746.29,77936.31,55,4245.82,Enterprise,INR,Accrual,3837.46,4.92,64.98
TXN-00312,2024-05-25,Administration,214920.98,240767.94,-25846.96,212051.1,80,2686.51,Online,INR,Actual,28716.84,13.54,-12.03
TXN-00313,2026-02-22,Marketing,292472.84,228970.16,63502.68,199323.9,112,2611.36,Direct,INR,Actual,29646.26,14.87,21.71
TXN-00314,2026-06-20,Human Resources,316729.61,218177.61,98552.0,195358.9,92,3442.71,Enterprise,INR,Actual,22818.71,11.68,31.12
TXN-00315,2024-07-24,Marketing,325733.69,209706.26,116027.43,202410.49,94,3465.25,Online,INR,Actual,7295.77,3.6,35.62
TXN-00316,2025-07-21,IT,125274.61,201747.26,-76472.65,207800.15,117,1070.72,Online,INR,Actual,-6052.89,-2.91,-61.04
TXN-00317,2025-09-09,Administration,255324.74,192094.96,63229.78,206377.81,77,3315.91,Direct,INR,Actual,-14282.85,-6.92,24.76
TXN-00318,2026-10-10,Customer Support,133823.1,189908.16,-56085.06,195259.57,107,1250.68,Direct,INR,Accrual,-5351.41,-2.74,-41.91
TXN-00319,2024-09-27,Customer Support,358244.2,205043.69,153200.51,196764.79,127,2820.82,Partner,INR,Actual,8278.9,4.21,42.76
TXN-00320,2024-02-04,Logistics,120259.77,137680.76,-17420.99,118673.66,47,2558.72,Enterprise,INR,Accrual,19007.1,16.02,-14.49
TXN-00321,2026-05-17,Finance,220683.22,220918.2,-234.98,223413.83,59,3740.39,Online,USD,Actual,-2495.63,-1.12,-0.11
TXN-00322,2026-11-13,Administration,392294.02,114182.97,278111.05,108248.32,115,3411.25,Direct,INR,Accrual,5934.65,5.48,70.89
TXN-00323,2025-05-03,Procurement,173343.93,283418.11,-110074.18,250767.2,118,1469.02,Direct,INR,Actual,32650.91,13.02,-63.5
TXN-00324,2024-09-01,Procurement,312370.18,234329.91,78040.27,210697.69,84,3718.69,Online,USD,Actual,23632.22,11.22,24.98
TXN-00325,2025-07-04,Finance,365924.43,249714.66,116209.77,214456.67,94,3892.81,Online,INR,Accrual,35257.99,16.44,31.76
TXN-00326,2024-06-06,Operations,463799.44,341221.06,122578.38,341181.14,112,4141.07,Partner,INR,Accrual,39.92,0.01,26.43
TXN-00327,2024-07-29,Logistics,302236.13,105373.39,196862.74,112984.93,40,7555.9,Direct,INR,Actual,-7611.54,-6.74,65.14
TXN-00328,2025-05-15,Procurement,241529.38,164255.48,77273.9,147012.83,44,5489.3,Enterprise,USD,Actual,17242.65,11.73,31.99
TXN-00329,2026-05-02,Finance,195980.54,261719.34,-65738.8,267336.04,55,3563.28,Direct,USD,Actual,-5616.7,-2.1,-33.54
TXN-00330,2026-04-01,Legal,363097.37,270527.09,92570.28,292726.07,79,4596.17,Online,USD,Accrual,-22198.98,-7.58,25.49
TXN-00331,2024-01-17,Human Resources,160201.35,204037.48,-43836.13,192034.52,119,1346.23,Partner,INR,Accrual,12002.96,6.25,-27.36
TXN-00332,2025-02-04,Finance,370132.99,247306.09,122826.9,228396.59,40,9253.32,Enterprise,USD,Accrual,18909.5,8.28,33.18
TXN-00333,2024-01-20,Human Resources,100438.61,224606.85,-124168.24,248123.59,133,755.18,Online,USD,Actual,-23516.74,-9.48,-123.63
TXN-00334,2026-05-09,Operations,590296.27,445335.07,144961.2,397555.98,75,7870.62,Direct,USD,Actual,47779.09,12.02,24.56
TXN-00335,2026-11-30,Customer Support,310254.07,161948.23,148305.84,185004.22,50,6205.08,Direct,INR,Accrual,-23055.99,-12.46,47.8
TXN-00336,2024-06-02,Logistics,270346.22,175696.23,94649.99,200164.65,70,3862.09,Online,USD,Accrual,-24468.42,-12.22,35.01
TXN-00337,2026-03-15,Finance,349569.95,151775.35,197794.6,149624.29,69,5066.23,Direct,INR,Actual,2151.06,1.44,56.58
TXN-00338,2024-08-11,Marketing,131697.33,178904.68,-47207.35,168923.59,55,2394.5,Online,INR,Actual,9981.09,5.91,-35.85
TXN-00339,2026-07-14,R&D,365836.65,356397.15,9439.5,312605.3,127,2880.6,Online,INR,Actual,43791.85,14.01,2.58
TXN-00340,2025-03-16,Human Resources,144497.14,236454.63,-91957.49,269681.23,90,1605.52,Direct,INR,Accrual,-33226.6,-12.32,-63.64
TXN-00341,2024-12-22,Procurement,385628.98,268012.29,117616.69,272511.18,110,3505.72,Partner,USD,Actual,-4498.89,-1.65,30.5
TXN-00342,2024-10-13,Legal,103587.08,262681.91,-159094.83,300710.42,56,1849.77,Partner,INR,Accrual,-38028.51,-12.65,-153.59
TXN-00343,2024-06-21,Logistics,275835.63,281834.29,-5998.66,245899.33,48,5746.58,Partner,INR,Accrual,35934.96,14.61,-2.17
TXN-00344,2024-09-20,Legal,371523.39,262458.36,109065.03,249195.02,45,8256.08,Enterprise,USD,Accrual,13263.34,5.32,29.36
TXN-00345,2026-03-19,Operations,357370.57,396146.2,-38775.63,357261.35,67,5333.89,Partner,USD,Accrual,38884.85,10.88,-10.85
TXN-00346,2024-10-31,Procurement,284231.97,215734.98,68496.99,225266.91,103,2759.53,Enterprise,INR,Accrual,-9531.93,-4.23,24.1
TXN-00347,2024-05-04,Legal,183932.8,110191.92,73740.88,100256.72,107,1719.0,Partner,INR,Actual,9935.2,9.91,40.09
TXN-00348,2026-02-22,Finance,207733.63,199793.92,7939.71,198875.64,112,1854.76,Online,INR,Actual,918.28,0.46,3.82
TXN-00349,2024-02-23,Human Resources,279134.91,86446.76,192688.15,94504.19,75,3721.8,Direct,INR,Accrual,-8057.43,-8.53,69.03
TXN-00350,2026-12-20,Human Resources,330052.65,299913.26,30139.39,342559.11,52,6347.17,Partner,INR,Accrual,-42645.85,-12.45,9.13
TXN-00351,2026-12-28,Finance,116772.6,299206.25,-182433.65,274020.11,89,1312.05,Online,INR,Actual,25186.14,9.19,-156.23
TXN-00352,2024-12-26,Administration,277755.85,257366.25,20389.6,272624.97,115,2415.27,Direct,INR,Accrual,-15258.72,-5.6,7.34
TXN-00353,2024-10-18,Logistics,384510.55,264073.3,120437.25,288663.9,103,3733.11,Online,USD,Actual,-24590.6,-8.52,31.32
TXN-00354,2024-07-03,Procurement,169787.01,128137.97,41649.04,129154.69,40,4244.68,Online,INR,Actual,-1016.72,-0.79,24.53
TXN-00355,2024-09-24,Human Resources,315081.29,282131.77,32949.52,311271.81,81,3889.89,Direct,USD,Actual,-29140.04,-9.36,10.46
TXN-00356,2024-08-15,Sales,701234.31,413294.99,287939.32,397621.7,124,5655.12,Enterprise,INR,Accrual,15673.29,3.94,41.06
TXN-00357,2025-09-10,Human Resources,140935.5,114650.85,26284.65,130083.78,121,1164.76,Enterprise,INR,Actual,-15432.93,-11.86,18.65
TXN-00358,2025-12-31,Administration,299659.5,259179.93,40479.57,249723.81,133,2253.08,Online,USD,Actual,9456.12,3.79,13.51
TXN-00359,2026-03-12,Logistics,109714.82,212525.51,-102810.69,239369.92,118,929.79,Partner,INR,Actual,-26844.41,-11.21,-93.71
TXN-00360,2026-10-13,Marketing,199350.53,97117.46,102233.07,92654.24,80,2491.88,Partner,INR,Actual,4463.22,4.82,51.28
TXN-00361,2025-11-18,Operations,352848.91,315646.33,37202.58,333938.93,84,4200.58,Online,INR,Actual,-18292.6,-5.48,10.54
TXN-00362,2024-04-08,Customer Support,231466.04,172323.71,59142.33,155074.37,92,2515.94,Enterprise,INR,Accrual,17249.34,11.12,25.55
TXN-00363,2026-02-07,Legal,348642.09,253520.6,95121.49,259457.2,137,2544.83,Partner,USD,Actual,-5936.6,-2.29,27.28
TXN-00364,2024-03-09,R&D,255019.5,261780.43,-6760.93,230737.86,83,3072.52,Partner,INR,Actual,31042.57,13.45,-2.65
TXN-00365,2024-06-02,Sales,729641.95,416267.06,313374.89,396030.31,118,6183.41,Enterprise,INR,Accrual,20236.75,5.11,42.95
TXN-00366,2024-12-03,Logistics,366925.98,114562.83,252363.15,100858.52,66,5559.48,Partner,INR,Accrual,13704.31,13.59,68.78
TXN-00367,2025-07-30,R&D,309387.07,227941.67,81445.4,232849.47,102,3033.21,Partner,USD,Actual,-4907.8,-2.11,26.32
TXN-00368,2026-05-25,Legal,188364.83,225644.45,-37279.62,232428.37,65,2897.92,Direct,USD,Actual,-6783.92,-2.92,-19.79
TXN-00369,2025-08-20,Legal,242071.2,105411.96,136659.24,114420.78,100,2420.71,Enterprise,INR,Accrual,-9008.82,-7.87,56.45
TXN-00370,2024-07-05,IT,263237.81,120673.87,142563.94,134629.54,87,3025.72,Partner,INR,Accrual,-13955.67,-10.37,54.16
TXN-00371,2026-06-19,Operations,415850.2,422303.39,-6453.19,430442.86,59,7048.31,Direct,USD,Accrual,-8139.47,-1.89,-1.55
TXN-00372,2026-04-27,Logistics,168253.83,93416.42,74837.41,90252.58,106,1587.3,Enterprise,INR,Accrual,3163.84,3.51,44.48
TXN-00373,2025-04-27,Operations,424713.03,347116.74,77596.29,383974.27,44,9652.57,Partner,USD,Accrual,-36857.53,-9.6,18.27
TXN-00374,2024-12-20,Marketing,391649.46,257861.36,133788.1,228943.7,94,4166.48,Direct,INR,Accrual,28917.66,12.63,34.16
TXN-00375,2025-02-17,IT,144363.48,210910.48,-66547.0,199505.46,133,1085.44,Direct,USD,Accrual,11405.02,5.72,-46.1
TXN-00376,2025-10-29,R&D,379922.04,366745.91,13176.13,313094.34,129,2945.13,Enterprise,USD,Actual,53651.57,17.14,3.47
TXN-00377,2024-10-30,Logistics,276380.24,246843.03,29537.21,279400.39,53,5214.72,Direct,INR,Accrual,-32557.36,-11.65,10.69
TXN-00378,2026-04-21,R&D,345760.87,297693.57,48067.3,307424.77,44,7858.2,Partner,USD,Actual,-9731.2,-3.17,13.9
TXN-00379,2026-04-02,Procurement,218737.82,273370.68,-54632.86,288994.94,46,4755.17,Enterprise,INR,Accrual,-15624.26,-5.41,-24.98
TXN-00380,2024-02-11,Human Resources,345215.78,146672.09,198543.69,137006.99,102,3384.47,Direct,INR,Actual,9665.1,7.05,57.51
TXN-00381,2024-10-02,R&D,493554.86,290897.7,202657.16,319332.08,74,6669.66,Enterprise,INR,Actual,-28434.38,-8.9,41.06
TXN-00382,2025-01-19,Operations,402847.63,420074.8,-17227.17,450439.25,137,2940.49,Online,INR,Actual,-30364.45,-6.74,-4.28
TXN-00383,2024-05-14,R&D,427392.35,284541.62,142850.73,308487.2,107,3994.32,Direct,USD,Actual,-23945.58,-7.76,33.42
TXN-00384,2024-04-28,Administration,109921.31,91123.04,18798.27,87306.13,65,1691.1,Online,INR,Accrual,3816.91,4.37,17.1
TXN-00385,2026-10-31,Customer Support,290622.94,107252.03,183370.91,92147.61,87,3340.49,Enterprise,INR,Actual,15104.42,16.39,63.1
TXN-00386,2026-08-29,Logistics,265400.12,155734.78,109665.34,171510.11,73,3635.62,Direct,USD,Accrual,-15775.33,-9.2,41.32
TXN-00387,2024-04-11,Marketing,356146.4,251562.63,104583.77,230002.6,68,5237.45,Partner,INR,Accrual,21560.03,9.37,29.37
TXN-00388,2026-04-18,Sales,407018.33,382651.62,24366.71,413367.76,41,9927.28,Enterprise,INR,Actual,-30716.14,-7.43,5.99
TXN-00389,2024-01-18,Administration,175717.13,257118.83,-81401.7,242112.84,130,1351.67,Online,INR,Accrual,15005.99,6.2,-46.33
TXN-00390,2025-12-15,Operations,412999.68,359338.66,53661.02,378440.69,119,3470.59,Enterprise,INR,Actual,-19102.03,-5.05,12.99
TXN-00391,2026-11-13,IT,389945.64,264663.25,125282.39,269542.88,116,3361.6,Online,USD,Actual,-4879.63,-1.81,32.13
TXN-00392,2026-09-13,Legal,200885.1,140826.31,60058.79,133438.72,75,2678.47,Online,INR,Accrual,7387.59,5.54,29.9
TXN-00393,2025-01-20,Marketing,255188.08,132866.46,122321.62,115199.53,116,2199.9,Enterprise,INR,Actual,17666.93,15.34,47.93
TXN-00394,2024-02-22,IT,249211.85,145033.02,104178.83,162737.7,91,2738.59,Enterprise,INR,Actual,-17704.68,-10.88,41.8
TXN-00395,2025-12-03,Finance,314010.79,230989.98,83020.81,240574.7,100,3140.11,Online,INR,Actual,-9584.72,-3.98,26.44
TXN-00396,2025-01-05,R&D,274400.77,240471.06,33929.71,223059.89,111,2472.08,Partner,INR,Accrual,17411.17,7.81,12.37
TXN-00397,2024-07-01,Administration,206585.02,243726.18,-37141.16,229620.67,140,1475.61,Online,INR,Accrual,14105.51,6.14,-17.98
TXN-00398,2026-08-07,Legal,241160.97,270606.54,-29445.57,277391.29,119,2026.56,Direct,INR,Actual,-6784.75,-2.45,-12.21
TXN-00399,2026-10-21,Legal,360249.33,163967.23,196282.1,154048.32,46,7831.51,Partner,USD,Actual,9918.91,6.44,54.49
TXN-00400,2025-12-02,Customer Support,396157.48,276425.93,119731.55,316782.67,58,6830.3,Online,INR,Actual,-40356.74,-12.74,30.22
TXN-00401,2024-06-14,Operations,433157.36,447728.86,-14571.5,422666.89,47,9216.11,Direct,INR,Actual,25061.97,5.93,-3.36
TXN-00402,2024-12-11,Logistics,329345.12,187706.96,141638.16,202549.09,51,6457.75,Partner,INR,Accrual,-14842.13,-7.33,43.01
TXN-00403,2026-04-06,Customer Support,389598.35,164329.61,225268.74,141539.98,65,5993.82,Online,INR,Accrual,22789.63,16.1,57.82
TXN-00404,2026-12-23,Administration,105374.84,80907.24,24467.6,86577.3,68,1549.63,Online,INR,Actual,-5670.06,-6.55,23.22
TXN-00405,2026-02-24,Sales,606034.74,278393.43,327641.31,305440.23,78,7769.68,Online,INR,Accrual,-27046.8,-8.86,54.06
TXN-00406,2026-06-07,IT,398641.72,155401.22,243240.5,174113.88,85,4689.9,Partner,USD,Accrual,-18712.66,-10.75,61.02
TXN-00407,2024-02-09,Administration,167296.41,296673.5,-129377.09,270968.84,42,3983.25,Partner,USD,Actual,25704.66,9.49,-77.33
TXN-00408,2026-02-07,IT,176736.75,197641.36,-20904.61,170875.99,46,3842.1,Direct,INR,Actual,26765.37,15.66,-11.83
TXN-00409,2024-04-08,Finance,134736.95,177749.14,-43012.19,157677.44,72,1871.35,Enterprise,INR,Actual,20071.7,12.73,-31.92
TXN-00410,2024-01-20,R&D,355217.86,236156.78,119061.08,237595.63,119,2985.02,Partner,INR,Actual,-1438.85,-0.61,33.52
TXN-00411,2026-11-13,Finance,285309.39,142195.49,143113.9,154342.97,103,2769.99,Partner,INR,Accrual,-12147.48,-7.87,50.16
TXN-00412,2026-12-07,Administration,207376.55,170146.37,37230.18,152810.51,110,1885.24,Enterprise,INR,Accrual,17335.86,11.34,17.95
TXN-00413,2025-11-08,Administration,100821.4,227759.29,-126937.89,255560.5,113,892.22,Enterprise,USD,Actual,-27801.21,-10.88,-125.9
TXN-00414,2026-11-13,Legal,317069.09,102283.91,214785.18,94793.42,69,4595.2,Enterprise,INR,Accrual,7490.49,7.9,67.74
TXN-00415,2025-06-24,Operations,362520.05,418240.33,-55720.28,465184.52,77,4708.05,Online,INR,Accrual,-46944.19,-10.09,-15.37
TXN-00416,2026-05-22,Finance,134770.32,267274.1,-132503.78,298568.58,41,3287.08,Partner,INR,Actual,-31294.48,-10.48,-98.32
TXN-00417,2025-11-04,Human Resources,368358.29,290119.61,78238.68,269954.21,133,2769.61,Direct,INR,Accrual,20165.4,7.47,21.24
TXN-00418,2025-01-09,Legal,220233.25,291708.18,-71474.93,271740.73,89,2474.53,Enterprise,INR,Actual,19967.45,7.35,-32.45
TXN-00419,2024-08-19,Marketing,308850.96,92902.21,215948.75,105234.06,60,5147.52,Direct,INR,Accrual,-12331.85,-11.72,69.92
TXN-00420,2026-06-16,Marketing,283396.95,251416.14,31980.81,259815.33,127,2231.47,Partner,INR,Accrual,-8399.19,-3.23,11.28
TXN-00421,2024-08-19,Customer Support,232206.36,93933.93,138272.43,98301.11,41,5663.57,Partner,INR,Accrual,-4367.18,-4.44,59.55
TXN-00422,2026-11-29,Sales,640884.58,355100.63,285783.95,347946.9,133,4818.68,Partner,INR,Accrual,7153.73,2.06,44.59
TXN-00423,2024-10-31,Sales,712221.66,354195.38,358026.28,302303.44,60,11870.36,Enterprise,INR,Actual,51891.94,17.17,50.27
TXN-00424,2024-06-02,Operations,430158.45,336252.12,93906.33,313873.58,104,4136.14,Partner,INR,Accrual,22378.54,7.13,21.83
TXN-00425,2026-04-05,Administration,123649.18,177721.55,-54072.37,181615.51,51,2424.49,Enterprise,INR,Actual,-3893.96,-2.14,-43.73
TXN-00426,2026-10-15,Finance,296011.9,102581.53,193430.37,99883.8,111,2666.77,Direct,INR,Accrual,2697.73,2.7,65.35
TXN-00427,2026-11-07,Sales,472397.94,364150.64,108247.3,413349.77,86,5493.0,Direct,INR,Accrual,-49199.13,-11.9,22.91
TXN-00428,2025-11-10,Sales,668595.74,351991.7,316604.04,374870.25,86,7774.37,Enterprise,USD,Actual,-22878.55,-6.1,47.35
TXN-00429,2024-01-05,Human Resources,206541.69,219405.46,-12863.77,239146.21,110,1877.65,Online,INR,Actual,-19740.75,-8.25,-6.23
TXN-00430,2024-12-02,Operations,385112.3,401865.54,-16753.24,428576.63,53,7266.27,Online,INR,Actual,-26711.09,-6.23,-4.35
TXN-00431,2024-09-04,Customer Support,164676.85,261401.91,-96725.06,237136.92,83,1984.06,Direct,INR,Actual,24264.99,10.23,-58.74
TXN-00432,2024-09-09,Operations,464346.97,380183.75,84163.22,380662.51,103,4508.22,Direct,INR,Actual,-478.76,-0.13,18.13
TXN-00433,2026-06-05,Logistics,244879.59,191833.24,53046.35,216071.12,62,3949.67,Partner,INR,Actual,-24237.88,-11.22,21.66
TXN-00434,2024-07-31,Customer Support,297256.54,213355.37,83901.17,201952.19,89,3339.96,Enterprise,INR,Actual,11403.18,5.65,28.23
TXN-00435,2025-07-14,Customer Support,389078.06,293508.16,95569.9,289356.11,57,6825.93,Partner,INR,Accrual,4152.05,1.43,24.56
TXN-00436,2025-10-04,Finance,321045.59,201787.94,119257.65,184676.88,66,4864.33,Online,INR,Actual,17111.06,9.27,37.15
TXN-00437,2024-12-30,Sales,589872.02,358269.16,231602.86,380878.03,137,4305.64,Online,INR,Accrual,-22608.87,-5.94,39.26
TXN-00438,2026-12-29,R&D,469369.31,287581.82,181787.49,245546.32,53,8856.02,Direct,INR,Actual,42035.5,17.12,38.73
TXN-00439,2024-04-25,Administration,180093.48,252817.08,-72723.6,289490.65,127,1418.06,Online,USD,Actual,-36673.57,-12.67,-40.38
TXN-00440,2025-08-27,Administration,326078.18,87107.4,238970.78,95313.6,53,6152.42,Partner,INR,Accrual,-8206.2,-8.61,73.29
TXN-00441,2025-05-01,Sales,674507.51,385799.7,288707.81,361221.02,125,5396.06,Direct,INR,Accrual,24578.68,6.8,42.8
TXN-00442,2026-05-03,IT,193796.19,201467.41,-7671.22,172030.92,72,2691.61,Partner,INR,Accrual,29436.49,17.11,-3.96
TXN-00443,2025-04-06,IT,311388.72,222479.12,88909.6,239505.96,109,2856.78,Partner,INR,Actual,-17026.84,-7.11,28.55
TXN-00444,2025-08-25,Operations,394356.47,396052.0,-1695.53,358859.93,62,6360.59,Direct,INR,Accrual,37192.07,10.36,-0.43
TXN-00445,2025-07-25,Sales,492483.86,277357.9,215125.96,306148.83,40,12312.1,Online,INR,Actual,-28790.93,-9.4,43.68
TXN-00446,2024-03-22,Marketing,378588.47,211313.67,167274.8,228662.16,120,3154.9,Online,INR,Accrual,-17348.49,-7.59,44.18
TXN-00447,2024-05-29,Finance,195357.7,128391.64,66966.06,116215.07,48,4069.95,Partner,INR,Accrual,12176.57,10.48,34.28
TXN-00448,2024-07-07,Human Resources,166359.42,126937.84,39421.58,120535.74,86,1934.41,Online,USD,Accrual,6402.1,5.31,23.7
TXN-00449,2024-01-19,Legal,300681.54,178046.79,122634.75,199652.58,118,2548.15,Partner,INR,Accrual,-21605.79,-10.82,40.79
TXN-00450,2026-02-20,Legal,215762.78,198852.21,16910.57,185896.73,106,2035.5,Online,INR,Accrual,12955.48,6.97,7.84
TXN-00451,2026-09-23,Procurement,188930.19,223336.2,-34406.01,211297.0,50,3778.6,Direct,USD,Actual,12039.2,5.7,-18.21
TXN-00452,2024-05-14,Administration,301100.54,250188.1,50912.44,277580.01,94,3203.2,Direct,USD,Accrual,-27391.91,-9.87,16.91
TXN-00453,2024-05-27,Finance,305813.06,85225.65,220587.41,90770.47,44,6950.3,Direct,USD,Actual,-5544.82,-6.11,72.13
TXN-00454,2025-05-30,Sales,424654.73,389675.28,34979.45,437720.67,92,4615.81,Enterprise,INR,Accrual,-48045.39,-10.98,8.24
TXN-00455,2026-06-05,Human Resources,105067.29,228125.72,-123058.43,230509.7,122,861.21,Direct,INR,Actual,-2383.98,-1.03,-117.12
TXN-00456,2024-05-28,Human Resources,378414.33,103349.82,275064.51,112244.89,78,4851.47,Direct,USD,Accrual,-8895.07,-7.92,72.69
TXN-00457,2026-02-20,Customer Support,346636.71,86780.21,259856.5,77832.91,68,5097.6,Partner,INR,Accrual,8947.3,11.5,74.97
TXN-00458,2024-10-22,R&D,419322.26,366267.03,53055.23,398683.54,133,3152.8,Online,INR,Actual,-32416.51,-8.13,12.65
TXN-00459,2024-10-16,Legal,112531.94,205998.09,-93466.15,199452.4,110,1023.02,Direct,INR,Accrual,6545.69,3.28,-83.06
TXN-00460,2025-03-09,Customer Support,371688.41,267320.95,104367.46,238647.18,63,5899.82,Partner,INR,Accrual,28673.77,12.02,28.08
TXN-00461,2025-02-01,Legal,154407.4,255925.21,-101517.81,282970.19,136,1135.35,Enterprise,INR,Actual,-27044.98,-9.56,-65.75
TXN-00462,2025-08-18,IT,120208.83,101604.53,18604.3,108480.8,102,1178.52,Online,INR,Actual,-6876.27,-6.34,15.48
TXN-00463,2024-07-23,R&D,404878.94,364018.97,40859.97,344120.16,97,4174.01,Online,INR,Accrual,19898.81,5.78,10.09
TXN-00464,2024-11-08,Logistics,270058.57,257693.95,12364.62,293152.04,61,4427.19,Direct,INR,Actual,-35458.09,-12.1,4.58
TXN-00465,2026-06-12,R&D,460027.51,241488.93,218538.58,258367.04,101,4554.73,Enterprise,INR,Accrual,-16878.11,-6.53,47.51
TXN-00466,2026-09-24,Sales,438091.42,359743.77,78347.65,314629.06,75,5841.22,Partner,INR,Actual,45114.71,14.34,17.88
TXN-00467,2025-06-23,Finance,365900.75,96821.72,269079.03,84488.57,42,8711.92,Direct,INR,Accrual,12333.15,14.6,73.54
TXN-00468,2025-03-11,Procurement,265478.2,199563.25,65914.95,229421.59,100,2654.78,Partner,INR,Actual,-29858.34,-13.01,24.83
TXN-00469,2025-08-18,Marketing,239410.34,192290.64,47119.7,186336.47,104,2302.02,Direct,INR,Actual,5954.17,3.2,19.68
TXN-00470,2026-11-18,Marketing,233866.13,119411.94,114454.19,135486.41,124,1886.02,Partner,INR,Accrual,-16074.47,-11.86,48.94
TXN-00471,2026-01-04,Procurement,165645.74,187281.27,-21635.53,162720.89,87,1903.97,Partner,USD,Actual,24560.38,15.09,-13.06
TXN-00472,2026-11-26,Human Resources,216427.93,281938.43,-65510.5,314210.68,45,4809.51,Online,USD,Accrual,-32272.25,-10.27,-30.27
TXN-00473,2025-06-23,Logistics,263305.02,118246.96,145058.06,123698.45,86,3061.69,Direct,INR,Accrual,-5451.49,-4.41,55.09
TXN-00474,2025-04-01,Sales,542044.77,388930.25,153114.52,370848.76,101,5366.78,Direct,INR,Actual,18081.49,4.88,28.25
TXN-00475,2026-06-19,Marketing,168997.23,193199.08,-24201.85,180494.86,59,2864.36,Partner,USD,Actual,12704.22,7.04,-14.32
TXN-00476,2025-04-16,Customer Support,343351.79,238456.24,104895.55,237134.0,101,3399.52,Enterprise,USD,Actual,1322.24,0.56,30.55
TXN-00477,2026-04-21,Procurement,173101.09,108134.73,64966.36,111130.53,57,3036.86,Direct,INR,Actual,-2995.8,-2.7,37.53
TXN-00478,2024-04-24,Marketing,177477.89,119608.26,57869.63,136050.99,116,1529.98,Direct,INR,Accrual,-16442.73,-12.09,32.61
TXN-00479,2024-06-24,Administration,234761.01,298410.68,-63649.67,331292.77,61,3848.54,Partner,INR,Actual,-32882.09,-9.93,-27.11
TXN-00480,2025-01-07,Logistics,297894.63,138194.55,159700.08,147488.97,83,3589.09,Enterprise,INR,Actual,-9294.42,-6.3,53.61
TXN-00481,2025-04-15,Customer Support,215638.56,103885.43,111753.13,94608.94,104,2073.45,Enterprise,INR,Actual,9276.49,9.81,51.82
TXN-00482,2024-12-29,Operations,575402.05,381968.35,193433.7,425255.22,108,5327.8,Direct,USD,Actual,-43286.87,-10.18,33.62
TXN-00483,2024-01-03,IT,294769.52,194849.73,99919.79,187272.65,45,6550.43,Enterprise,USD,Accrual,7577.08,4.05,33.9
TXN-00484,2026-02-19,Human Resources,276714.43,243106.69,33607.74,262181.27,129,2145.07,Direct,INR,Accrual,-19074.58,-7.28,12.15
TXN-00485,2026-09-04,Administration,373025.61,98439.87,274585.74,101342.64,109,3422.25,Enterprise,USD,Actual,-2902.77,-2.86,73.61
TXN-00486,2024-01-15,Logistics,256762.19,194347.61,62414.58,187061.32,66,3890.34,Online,INR,Actual,7286.29,3.9,24.31
TXN-00487,2024-11-12,Customer Support,295472.78,135799.2,159673.58,150260.87,94,3143.33,Online,INR,Accrual,-14461.67,-9.62,54.04
TXN-00488,2025-02-21,Customer Support,265631.48,202663.79,62967.69,183130.22,111,2393.08,Enterprise,USD,Accrual,19533.57,10.67,23.7
TXN-00489,2025-12-06,Finance,219438.93,110375.07,109063.86,122422.42,55,3989.8,Partner,INR,Actual,-12047.35,-9.84,49.7
TXN-00490,2024-07-24,Administration,252503.06,252937.85,-434.79,275767.04,118,2139.86,Direct,USD,Actual,-22829.19,-8.28,-0.17
TXN-00491,2024-07-05,Marketing,241500.6,212054.0,29446.6,185853.08,73,3308.23,Partner,INR,Actual,26200.92,14.1,12.19
TXN-00492,2026-02-26,Customer Support,284189.68,194621.22,89568.46,206976.12,116,2449.91,Direct,INR,Actual,-12354.9,-5.97,31.52
TXN-00493,2026-10-09,Operations,352677.6,424596.5,-71918.9,479466.06,106,3327.15,Online,USD,Actual,-54869.56,-11.44,-20.39
TXN-00494,2024-12-13,IT,110818.34,132636.46,-21818.12,112752.42,60,1846.97,Direct,INR,Accrual,19884.04,17.64,-19.69
TXN-00495,2025-12-24,IT,218542.94,208937.64,9605.3,210049.78,134,1630.92,Direct,INR,Accrual,-1112.14,-0.53,4.4
TXN-00496,2025-12-13,Human Resources,388986.3,140831.73,248154.57,145325.53,64,6077.91,Enterprise,INR,Actual,-4493.8,-3.09,63.8
TXN-00497,2025-06-18,Marketing,222140.39,103422.29,118718.1,90154.84,77,2884.94,Online,INR,Accrual,13267.45,14.72,53.44
TXN-00498,2025-05-27,Finance,232830.59,162957.66,69872.93,162157.37,71,3279.3,Online,INR,Accrual,800.29,0.49,30.01
TXN-00499,2026-08-01,Logistics,358606.98,186033.44,172573.54,172517.35,88,4075.08,Partner,INR,Actual,13516.09,7.83,48.12
TXN-00500,2025-10-08,Customer Support,386633.71,193630.93,193002.78,165151.1,73,5296.35,Partner,USD,Accrual,28479.83,17.24,49.92
TXN-00501,2025-12-01,Legal,266365.45,119266.86,147098.59,112607.22,67,3975.6,Online,USD,Actual,6659.64,5.91,55.22
TXN-00502,2026-10-18,Finance,159899.96,241794.39,-81894.43,268832.5,66,2422.73,Partner,USD,Actual,-27038.11,-10.06,-51.22
TXN-00503,2025-12-30,Marketing,333681.54,106373.27,227308.27,92921.97,124,2690.98,Enterprise,INR,Actual,13451.3,14.48,68.12
TXN-00504,2026-09-14,Human Resources,286200.24,188314.88,97885.36,215735.11,113,2532.75,Online,INR,Accrual,-27420.23,-12.71,34.2
TXN-00505,2026-03-25,Administration,325050.82,108214.11,216836.71,109049.59,94,3457.99,Enterprise,INR,Actual,-835.48,-0.77,66.71
TXN-00506,2026-10-26,Human Resources,218115.08,230994.5,-12879.42,208458.7,55,3965.73,Enterprise,INR,Actual,22535.8,10.81,-5.9
TXN-00507,2024-01-25,IT,163225.72,207821.81,-44596.09,196938.36,118,1383.27,Online,USD,Accrual,10883.45,5.53,-27.32
TXN-00508,2025-04-30,R&D,367836.34,318093.45,49742.89,305298.86,103,3571.23,Enterprise,USD,Accrual,12794.59,4.19,13.52
TXN-00509,2026-01-17,Customer Support,183888.86,119575.63,64313.23,106343.6,113,1627.34,Partner,INR,Accrual,13232.03,12.44,34.97
TXN-00510,2025-04-27,Sales,551276.56,314750.17,236526.39,281308.95,134,4114.0,Partner,INR,Actual,33441.22,11.89,42.91
TXN-00511,2024-12-27,Customer Support,249879.35,299023.59,-49144.24,330366.34,106,2357.35,Online,INR,Accrual,-31342.75,-9.49,-19.67
TXN-00512,2025-05-28,Sales,700475.69,258110.58,442365.11,227057.93,60,11674.59,Direct,USD,Accrual,31052.65,13.68,63.15
TXN-00513,2026-09-02,IT,128890.57,243810.51,-114919.94,226239.27,86,1498.73,Online,INR,Accrual,17571.24,7.77,-89.16
TXN-00514,2024-09-05,Human Resources,360210.58,291885.64,68324.94,265524.7,113,3187.7,Partner,INR,Accrual,26360.94,9.93,18.97
TXN-00515,2025-12-28,Human Resources,301957.85,187248.62,114709.23,200535.38,50,6039.16,Enterprise,INR,Accrual,-13286.76,-6.63,37.99
TXN-00516,2024-10-23,Marketing,292174.2,284284.67,7889.53,277616.76,118,2476.05,Enterprise,INR,Actual,6667.91,2.4,2.7
TXN-00517,2024-06-11,Marketing,203087.65,148966.05,54121.6,155804.18,130,1562.21,Online,INR,Accrual,-6838.13,-4.39,26.65
TXN-00518,2025-07-09,Operations,545243.51,439590.87,105652.64,472282.65,106,5143.81,Enterprise,INR,Actual,-32691.78,-6.92,19.38
TXN-00519,2024-02-17,Marketing,318331.72,225644.96,92686.76,255459.7,129,2467.69,Direct,USD,Accrual,-29814.74,-11.67,29.12
TXN-00520,2024-07-29,Legal,119137.72,273312.01,-154174.29,277283.27,43,2770.64,Enterprise,INR,Actual,-3971.26,-1.43,-129.41
TXN-00521,2024-07-31,R&D,404525.54,233489.8,171035.74,263721.33,89,4545.23,Online,USD,Accrual,-30231.53,-11.46,42.28
TXN-00522,2026-06-26,IT,137923.51,195883.31,-57959.8,176526.59,44,3134.63,Online,INR,Accrual,19356.72,10.97,-42.02
TXN-00523,2026-09-02,Operations,593745.39,371899.31,221846.08,346507.63,96,6184.85,Partner,INR,Actual,25391.68,7.33,37.36
TXN-00524,2026-07-24,IT,324673.48,273004.62,51668.86,267679.18,121,2683.25,Online,INR,Accrual,5325.44,1.99,15.91
TXN-00525,2025-04-10,Legal,232558.09,160472.33,72085.76,148909.03,78,2981.51,Direct,USD,Actual,11563.3,7.77,31.0
TXN-00526,2025-12-05,R&D,367299.49,221330.74,145968.75,249357.08,136,2700.73,Enterprise,USD,Accrual,-28026.34,-11.24,39.74
TXN-00527,2025-08-22,Logistics,169364.62,81587.96,87776.66,78495.22,92,1840.92,Enterprise,INR,Actual,3092.74,3.94,51.83
TXN-00528,2026-03-09,Customer Support,166177.73,97426.14,68751.59,101089.06,106,1567.71,Online,USD,Accrual,-3662.92,-3.62,41.37
TXN-00529,2026-04-25,Administration,356044.61,120129.58,235915.03,112546.83,121,2942.52,Enterprise,INR,Accrual,7582.75,6.74,66.26
TXN-00530,2026-10-04,Administration,196193.12,113472.85,82720.27,129462.86,42,4671.26,Partner,INR,Accrual,-15990.01,-12.35,42.16
TXN-00531,2025-07-05,Marketing,314558.78,239963.56,74595.22,220728.84,59,5331.5,Direct,INR,Accrual,19234.72,8.71,23.71
TXN-00532,2026-05-10,R&D,446431.33,299743.32,146688.01,288178.96,129,3460.71,Direct,INR,Actual,11564.36,4.01,32.86
TXN-00533,2024-04-24,R&D,443913.23,231421.55,212491.68,229348.95,64,6936.14,Online,INR,Actual,2072.6,0.9,47.87
TXN-00534,2024-09-06,Finance,174688.71,249669.57,-74980.86,245397.29,134,1303.65,Direct,USD,Actual,4272.28,1.74,-42.92
TXN-00535,2026-12-03,IT,394634.76,184021.62,210613.14,194038.41,79,4995.38,Online,USD,Actual,-10016.79,-5.16,53.37
TXN-00536,2026-12-02,Legal,175993.82,220474.4,-44480.58,200547.28,46,3825.95,Partner,INR,Actual,19927.12,9.94,-25.27
TXN-00537,2026-06-08,Human Resources,104520.31,254765.89,-150245.58,261239.25,90,1161.34,Partner,USD,Actual,-6473.36,-2.48,-143.75
TXN-00538,2026-08-31,Finance,278863.69,161707.71,117155.98,141792.43,60,4647.73,Enterprise,USD,Accrual,19915.28,14.05,42.01
TXN-00539,2024-05-02,Procurement,206655.3,113862.06,92793.24,115103.84,53,3899.16,Partner,INR,Accrual,-1241.78,-1.08,44.9
TXN-00540,2025-12-12,Operations,533297.21,283629.98,249667.23,273229.46,132,4040.13,Partner,USD,Actual,10400.52,3.81,46.82
TXN-00541,2026-09-20,Finance,231250.0,144837.21,86412.79,153398.73,64,3613.28,Partner,INR,Accrual,-8561.52,-5.58,37.37
TXN-00542,2026-08-17,R&D,466915.46,315788.79,151126.67,349947.11,60,7781.92,Direct,INR,Accrual,-34158.32,-9.76,32.37
TXN-00543,2025-08-28,R&D,385401.49,292652.64,92748.85,316877.07,104,3705.78,Enterprise,INR,Actual,-24224.43,-7.64,24.07
TXN-00544,2026-01-15,Logistics,171635.97,238620.78,-66984.81,249952.12,108,1589.22,Enterprise,USD,Accrual,-11331.34,-4.53,-39.03
TXN-00545,2024-11-11,Logistics,184938.73,170157.0,14781.73,161071.84,52,3556.51,Direct,USD,Actual,9085.16,5.64,7.99
TXN-00546,2024-12-31,Procurement,160623.71,186781.46,-26157.75,164297.84,113,1421.45,Enterprise,INR,Accrual,22483.62,13.68,-16.29
TXN-00547,2024-04-10,Human Resources,166216.84,237925.94,-71709.1,203171.11,66,2518.44,Enterprise,INR,Actual,34754.83,17.11,-43.14
TXN-00548,2026-08-16,IT,118210.06,202764.38,-84554.32,229422.45,93,1271.08,Online,INR,Actual,-26658.07,-11.62,-71.53
TXN-00549,2025-06-28,Sales,414228.6,261965.98,152262.62,246554.88,67,6182.52,Direct,USD,Actual,15411.1,6.25,36.76
TXN-00550,2026-12-24,Customer Support,156838.12,195762.24,-38924.12,181007.43,120,1306.98,Partner,INR,Accrual,14754.81,8.15,-24.82
TXN-00551,2024-08-04,IT,272969.1,228388.36,44580.74,242266.41,94,2903.93,Direct,USD,Actual,-13878.05,-5.73,16.33
TXN-00552,2026-04-02,Sales,518129.5,276890.0,241239.5,318293.38,96,5397.18,Online,INR,Accrual,-41403.38,-13.01,46.56
TXN-00553,2026-01-31,Customer Support,329255.31,174729.38,154525.93,186569.1,117,2814.15,Partner,INR,Actual,-11839.72,-6.35,46.93
TXN-00554,2026-02-07,Sales,724151.42,293195.15,430956.27,333801.37,97,7465.48,Enterprise,USD,Actual,-40606.22,-12.16,59.51
TXN-00555,2025-08-05,Logistics,104890.73,109718.86,-4828.13,122566.65,40,2622.27,Online,INR,Actual,-12847.79,-10.48,-4.6
TXN-00556,2025-10-06,Procurement,331456.92,287536.54,43920.38,315341.68,110,3013.24,Partner,USD,Accrual,-27805.14,-8.82,13.25
TXN-00557,2025-12-29,Marketing,141522.46,160758.24,-19235.78,164720.4,69,2051.05,Online,INR,Actual,-3962.16,-2.41,-13.59
TXN-00558,2026-03-29,Logistics,375364.54,241538.51,133826.03,257739.5,101,3716.48,Partner,INR,Actual,-16200.99,-6.29,35.65
TXN-00559,2025-09-07,Procurement,319236.81,206782.41,112454.4,180633.37,47,6792.27,Online,INR,Accrual,26149.04,14.48,35.23
TXN-00560,2026-05-03,Legal,360935.95,129877.89,231058.06,135830.68,117,3084.92,Direct,INR,Accrual,-5952.79,-4.38,64.02
TXN-00561,2024-04-20,R&D,381095.84,271090.65,110005.19,276369.83,81,4704.89,Partner,USD,Accrual,-5279.18,-1.91,28.87
TXN-00562,2026-07-01,Logistics,272576.46,99818.25,172758.21,97780.03,140,1946.97,Enterprise,USD,Accrual,2038.22,2.08,63.38
TXN-00563,2024-06-18,Operations,492860.15,288382.89,204477.26,279661.44,50,9857.2,Enterprise,INR,Actual,8721.45,3.12,41.49
TXN-00564,2024-10-03,Operations,489824.04,362936.39,126887.65,379513.34,65,7535.75,Partner,USD,Accrual,-16576.95,-4.37,25.9
TXN-00565,2026-05-30,Human Resources,305421.39,206724.01,98697.38,182694.2,92,3319.8,Enterprise,INR,Actual,24029.81,13.15,32.32
TXN-00566,2025-10-18,Human Resources,278163.14,85325.5,192837.64,80329.32,84,3311.47,Enterprise,INR,Accrual,4996.18,6.22,69.33
TXN-00567,2024-04-01,Administration,159905.56,162240.57,-2335.01,174785.03,50,3198.11,Direct,INR,Actual,-12544.46,-7.18,-1.46
TXN-00568,2024-10-29,R&D,253433.32,331007.24,-77573.92,292406.3,97,2612.71,Enterprise,USD,Actual,38600.94,13.2,-30.61
TXN-00569,2025-03-09,Administration,263927.26,245078.13,18849.13,248666.08,119,2217.88,Partner,INR,Actual,-3587.95,-1.44,7.14
TXN-00570,2026-02-10,Logistics,371812.09,195895.8,175916.29,181524.28,47,7910.9,Online,USD,Accrual,14371.52,7.92,47.31
TXN-00571,2024-04-18,Operations,513689.47,281416.81,232272.66,272015.67,74,6941.75,Online,INR,Actual,9401.14,3.46,45.22
TXN-00572,2025-08-22,IT,215956.97,295554.43,-79597.46,296311.67,130,1661.21,Direct,INR,Accrual,-757.24,-0.26,-36.86
TXN-00573,2026-12-24,Legal,155925.22,190143.18,-34217.96,187746.59,131,1190.27,Direct,USD,Accrual,2396.59,1.28,-21.95
TXN-00574,2025-11-14,Operations,448349.95,306690.89,141659.06,292593.53,85,5274.71,Online,INR,Actual,14097.36,4.82,31.6
TXN-00575,2026-10-23,R&D,452973.22,320126.78,132846.44,356494.2,43,10534.26,Online,USD,Accrual,-36367.42,-10.2,29.33
TXN-00576,2026-03-15,IT,141178.2,240575.73,-99397.53,242070.99,126,1120.46,Partner,INR,Actual,-1495.26,-0.62,-70.41
TXN-00577,2026-05-23,R&D,477433.85,272685.56,204748.29,276140.52,66,7233.85,Partner,INR,Actual,-3454.96,-1.25,42.89
TXN-00578,2024-10-09,R&D,422133.02,363782.91,58350.11,408480.48,95,4443.51,Partner,INR,Actual,-44697.57,-10.94,13.82
TXN-00579,2025-10-12,Legal,267202.09,288692.34,-21490.25,255641.74,80,3340.03,Partner,INR,Accrual,33050.6,12.93,-8.04
TXN-00580,2026-04-27,Customer Support,191004.43,244034.14,-53029.71,267585.77,121,1578.55,Online,USD,Actual,-23551.63,-8.8,-27.76
TXN-00581,2024-08-06,Marketing,155423.95,247738.45,-92314.5,256061.09,74,2100.32,Partner,INR,Actual,-8322.64,-3.25,-59.4
TXN-00582,2024-02-23,Human Resources,123842.63,251561.77,-127719.14,223946.83,117,1058.48,Enterprise,INR,Accrual,27614.94,12.33,-103.13
TXN-00583,2025-01-11,Customer Support,247433.68,110252.8,137180.88,100107.11,44,5623.49,Enterprise,INR,Actual,10145.69,10.13,55.44
TXN-00584,2025-07-06,Customer Support,166766.26,227694.6,-60928.34,207395.64,66,2526.76,Direct,USD,Accrual,20298.96,9.79,-36.54
TXN-00585,2026-09-30,Finance,197468.69,180659.88,16808.81,166936.08,91,2169.99,Direct,INR,Accrual,13723.8,8.22,8.51
TXN-00586,2025-10-02,Customer Support,283451.46,243342.93,40108.53,250191.02,107,2649.08,Direct,INR,Accrual,-6848.09,-2.74,14.15
TXN-00587,2026-07-24,Procurement,363333.98,134058.76,229275.22,135581.77,134,2711.45,Direct,INR,Actual,-1523.01,-1.12,63.1
TXN-00588,2025-01-23,R&D,359888.47,361503.61,-1615.14,391184.18,76,4735.37,Enterprise,USD,Accrual,-29680.57,-7.59,-0.45
TXN-00589,2024-04-21,Finance,255090.9,111292.72,143798.18,122307.14,97,2629.8,Direct,INR,Actual,-11014.42,-9.01,56.37
TXN-00590,2025-01-03,Logistics,381352.74,233145.11,148207.63,207637.17,92,4145.14,Online,INR,Actual,25507.94,12.28,38.86
TXN-00591,2026-07-18,Logistics,368985.25,277074.88,91910.37,308873.25,51,7235.0,Online,INR,Actual,-31798.37,-10.29,24.91
TXN-00592,2024-09-10,Legal,134249.48,178867.65,-44618.17,171513.15,107,1254.67,Enterprise,INR,Actual,7354.5,4.29,-33.24
TXN-00593,2026-02-14,Sales,533212.45,380604.26,152608.19,427675.81,112,4760.83,Partner,USD,Actual,-47071.55,-11.01,28.62
TXN-00594,2025-01-01,Finance,115393.15,147773.69,-32380.54,157977.25,97,1189.62,Online,INR,Actual,-10203.56,-6.46,-28.06
TXN-00595,2024-09-26,Administration,101059.87,248387.08,-147327.21,212038.69,103,981.16,Enterprise,INR,Actual,36348.39,17.14,-145.78
TXN-00596,2026-10-07,Administration,165062.15,225083.54,-60021.39,221959.73,96,1719.4,Direct,INR,Actual,3123.81,1.41,-36.36
TXN-00597,2025-05-16,Sales,497339.53,356868.02,140471.51,391140.35,66,7535.45,Direct,USD,Actual,-34272.33,-8.76,28.24
TXN-00598,2025-12-15,Procurement,143612.32,87135.06,56477.26,89176.44,117,1227.46,Online,INR,Actual,-2041.38,-2.29,39.33
TXN-00599,2024-04-10,Legal,225087.08,119214.65,105872.43,125369.36,118,1907.52,Partner,INR,Accrual,-6154.71,-4.91,47.04
TXN-00600,2024-03-14,Legal,330553.59,151020.81,179532.78,169031.39,48,6886.53,Enterprise,INR,Actual,-18010.58,-10.66,54.31
TXN-00601,2025-08-22,Operations,383636.45,398085.3,-14448.85,371145.1,107,3585.39,Enterprise,INR,Actual,26940.2,7.26,-3.77
TXN-00602,2024-04-29,Legal,271410.12,295456.99,-24046.87,298022.73,51,5321.77,Enterprise,INR,Accrual,-2565.74,-0.86,-8.86
TXN-00603,2026-05-24,Logistics,354339.39,137125.21,217214.18,140216.4,119,2977.64,Online,INR,Accrual,-3091.19,-2.2,61.3
TXN-00604,2026-11-30,Finance,289557.28,188350.98,101206.3,170264.04,118,2453.88,Partner,INR,Actual,18086.94,10.62,34.95
TXN-00605,2024-01-04,Legal,107196.04,217601.36,-110405.32,192659.4,66,1624.18,Enterprise,INR,Accrual,24941.96,12.95,-102.99
TXN-00606,2025-12-17,Sales,682115.23,286097.45,396017.78,298166.61,128,5329.03,Online,USD,Actual,-12069.16,-4.05,58.06
TXN-00607,2025-09-22,R&D,376672.41,271827.81,104844.6,231553.63,127,2965.92,Online,INR,Actual,40274.18,17.39,27.83
TXN-00608,2024-12-25,Administration,199154.45,154346.11,44808.34,162332.27,100,1991.54,Direct,INR,Accrual,-7986.16,-4.92,22.5
TXN-00609,2024-11-14,IT,238185.38,270349.36,-32163.98,302461.07,99,2405.91,Enterprise,INR,Actual,-32111.71,-10.62,-13.5
TXN-00610,2026-12-03,R&D,391235.66,328511.62,62724.04,333949.53,42,9315.13,Partner,INR,Accrual,-5437.91,-1.63,16.03
TXN-00611,2025-12-25,Legal,390883.99,141701.21,249182.78,121771.21,88,4441.86,Partner,INR,Accrual,19930.0,16.37,63.75
TXN-00612,2025-01-18,Logistics,135053.39,252115.67,-117062.28,237615.09,80,1688.17,Direct,USD,Actual,14500.58,6.1,-86.68
TXN-00613,2026-10-14,Administration,211475.07,262480.64,-51005.57,246938.8,107,1976.4,Online,USD,Accrual,15541.84,6.29,-24.12
TXN-00614,2024-03-17,Administration,374006.15,177630.3,196375.85,152314.51,101,3703.03,Partner,USD,Accrual,25315.79,16.62,52.51
TXN-00615,2026-12-08,R&D,443883.3,242927.21,200956.09,270023.24,106,4187.58,Partner,USD,Actual,-27096.03,-10.03,45.27
TXN-00616,2026-07-29,Customer Support,314103.22,194915.87,119187.35,165918.81,45,6980.07,Direct,INR,Actual,28997.06,17.48,37.95
TXN-00617,2024-07-30,Sales,668163.06,376744.3,291418.76,322773.45,137,4877.1,Online,INR,Actual,53970.85,16.72,43.61
TXN-00618,2025-10-19,Administration,157763.69,140862.9,16900.79,133220.37,96,1643.37,Direct,USD,Actual,7642.53,5.74,10.71
TXN-00619,2025-07-14,Legal,104577.02,217047.89,-112470.87,217963.44,66,1584.5,Online,INR,Accrual,-915.55,-0.42,-107.55
TXN-00620,2024-10-16,Finance,341200.85,206298.25,134902.6,185953.63,79,4319.0,Online,INR,Actual,20344.62,10.94,39.54
TXN-00621,2024-09-23,Procurement,241220.67,228609.11,12611.56,201582.5,46,5243.93,Direct,INR,Actual,27026.61,13.41,5.23
TXN-00622,2026-07-02,Logistics,206687.29,153113.06,53574.23,139247.78,137,1508.67,Direct,INR,Accrual,13865.28,9.96,25.92
TXN-00623,2024-09-26,Legal,343855.31,282331.59,61523.72,279644.58,98,3508.73,Online,INR,Accrual,2687.01,0.96,17.89
TXN-00624,2026-08-21,Administration,384234.48,111618.77,272615.71,124869.06,73,5263.49,Online,INR,Accrual,-13250.29,-10.61,70.95
TXN-00625,2025-10-27,Operations,471876.68,291112.08,180764.6,257304.1,101,4672.05,Enterprise,INR,Accrual,33807.98,13.14,38.31
TXN-00626,2025-12-14,Logistics,272403.48,191748.93,80654.55,186323.55,131,2079.42,Direct,INR,Actual,5425.38,2.91,29.61
TXN-00627,2025-09-10,Sales,561341.2,350391.11,210950.09,322910.84,71,7906.21,Partner,INR,Accrual,27480.27,8.51,37.58
TXN-00628,2024-05-15,Human Resources,162471.44,232693.17,-70221.73,227886.79,95,1710.23,Online,INR,Actual,4806.38,2.11,-43.22
TXN-00629,2024-12-20,IT,300881.56,242660.75,58220.81,258087.34,102,2949.82,Direct,INR,Accrual,-15426.59,-5.98,19.35
TXN-00630,2025-10-28,Sales,434178.87,325686.76,108492.11,306930.69,91,4771.2,Direct,INR,Accrual,18756.07,6.11,24.99
TXN-00631,2025-11-01,Operations,511247.28,290451.98,220795.3,265845.91,57,8969.25,Direct,INR,Actual,24606.07,9.26,43.19
TXN-00632,2026-07-16,Sales,502026.14,354647.27,147378.87,349025.38,66,7606.46,Online,USD,Accrual,5621.89,1.61,29.36
TXN-00633,2026-06-09,Finance,394774.09,155738.22,239035.87,136549.13,41,9628.64,Enterprise,INR,Accrual,19189.09,14.05,60.55
TXN-00634,2024-05-07,Human Resources,370322.71,292937.89,77384.82,249071.32,111,3336.24,Online,USD,Accrual,43866.57,17.61,20.9
TXN-00635,2024-03-04,Administration,229514.65,209836.05,19678.6,217718.39,131,1752.02,Enterprise,INR,Accrual,-7882.34,-3.62,8.57
TXN-00636,2025-03-08,IT,152023.03,110595.15,41427.88,112433.96,86,1767.71,Enterprise,USD,Actual,-1838.81,-1.64,27.25
TXN-00637,2024-10-02,Procurement,121523.8,83455.72,38068.08,88997.33,102,1191.41,Enterprise,INR,Actual,-5541.61,-6.23,31.33
TXN-00638,2024-06-22,Marketing,292672.87,171488.2,121184.67,169226.03,140,2090.52,Enterprise,INR,Accrual,2262.17,1.34,41.41
TXN-00639,2026-11-09,Customer Support,265615.01,179010.07,86604.94,171239.63,63,4216.11,Enterprise,INR,Accrual,7770.44,4.54,32.61
TXN-00640,2025-04-29,Finance,250518.64,170384.32,80134.32,172744.12,86,2913.01,Direct,INR,Accrual,-2359.8,-1.37,31.99
TXN-00641,2026-01-24,Legal,274080.63,291582.3,-17501.67,254848.45,133,2060.76,Online,INR,Actual,36733.85,14.41,-6.39
TXN-00642,2026-12-07,Logistics,126533.91,183939.35,-57405.44,197276.03,125,1012.27,Direct,INR,Accrual,-13336.68,-6.76,-45.37
TXN-00643,2024-04-18,Human Resources,260509.98,82372.35,178137.63,81236.47,100,2605.1,Online,INR,Accrual,1135.88,1.4,68.38
TXN-00644,2025-08-15,Marketing,110597.87,283030.19,-172432.32,304208.66,133,831.56,Online,USD,Accrual,-21178.47,-6.96,-155.91
TXN-00645,2024-12-12,Logistics,115485.97,297880.26,-182394.29,325484.45,119,970.47,Direct,USD,Actual,-27604.19,-8.48,-157.94
TXN-00646,2024-09-16,Sales,426901.79,383239.68,43662.11,354732.51,118,3617.81,Online,USD,Accrual,28507.17,8.04,10.23
TXN-00647,2024-01-30,Finance,133464.82,118415.05,15049.77,121675.14,59,2262.12,Enterprise,INR,Actual,-3260.09,-2.68,11.28
TXN-00648,2025-06-19,Finance,170858.76,119778.02,51080.74,120762.19,44,3883.15,Online,INR,Actual,-984.17,-0.81,29.9
TXN-00649,2024-11-11,Operations,538190.32,350201.14,187989.18,337926.62,124,4340.24,Enterprise,INR,Actual,12274.52,3.63,34.93
TXN-00650,2025-03-07,Logistics,320308.33,155916.66,164391.67,162570.92,136,2355.21,Direct,USD,Accrual,-6654.26,-4.09,51.32
TXN-00651,2026-03-27,Operations,425341.78,406845.59,18496.19,437655.34,108,3938.35,Partner,INR,Accrual,-30809.75,-7.04,4.35
TXN-00652,2026-08-29,R&D,286287.46,359244.44,-72956.98,306636.29,97,2951.42,Enterprise,INR,Actual,52608.15,17.16,-25.48
TXN-00653,2024-07-18,Sales,623098.45,412551.22,210547.23,404108.67,123,5065.84,Online,INR,Accrual,8442.55,2.09,33.79
TXN-00654,2024-07-20,R&D,413585.82,282584.6,131001.22,305741.08,135,3063.6,Partner,INR,Actual,-23156.48,-7.57,31.67
TXN-00655,2026-11-30,Human Resources,303315.45,298507.27,4808.18,281785.18,41,7397.94,Direct,INR,Actual,16722.09,5.93,1.59
TXN-00656,2026-04-22,Legal,257579.28,230809.9,26769.38,220528.46,132,1951.36,Online,USD,Actual,10281.44,4.66,10.39
TXN-00657,2024-02-18,Logistics,127582.38,286471.2,-158888.82,299930.09,67,1904.21,Direct,INR,Actual,-13458.89,-4.49,-124.54
TXN-00658,2024-06-25,Logistics,138972.18,224406.82,-85434.64,251328.72,112,1240.82,Partner,INR,Actual,-26921.9,-10.71,-61.48
TXN-00659,2025-06-02,R&D,366738.89,369789.13,-3050.24,385184.99,75,4889.85,Enterprise,INR,Accrual,-15395.86,-4.0,-0.83
TXN-00660,2025-06-11,Marketing,334219.39,141003.25,193216.14,122491.81,89,3755.27,Online,INR,Accrual,18511.44,15.11,57.81
TXN-00661,2025-06-26,Marketing,232172.45,188178.79,43993.66,212374.05,118,1967.56,Enterprise,USD,Accrual,-24195.26,-11.39,18.95
TXN-00662,2024-08-10,Marketing,262189.65,174875.79,87313.86,180854.77,53,4946.97,Enterprise,INR,Actual,-5978.98,-3.31,33.3
TXN-00663,2024-03-12,Legal,121123.7,240059.93,-118936.23,260025.99,42,2883.9,Enterprise,USD,Actual,-19966.06,-7.68,-98.19
TXN-00664,2024-03-18,IT,217145.15,113353.64,103791.51,107566.85,90,2412.72,Direct,INR,Accrual,5786.79,5.38,47.8
TXN-00665,2026-09-06,Customer Support,221173.83,240108.83,-18935.0,262602.87,48,4607.79,Partner,USD,Accrual,-22494.04,-8.57,-8.56
TXN-00666,2024-09-05,Logistics,260591.22,298152.3,-37561.08,283254.2,78,3340.91,Enterprise,USD,Actual,14898.1,5.26,-14.41
TXN-00667,2026-01-18,Sales,698669.73,307810.67,390859.06,339316.47,137,5099.78,Online,INR,Actual,-31505.8,-9.29,55.94
TXN-00668,2024-03-21,Customer Support,298220.23,145751.48,152468.75,140946.26,53,5626.8,Online,INR,Accrual,4805.22,3.41,51.13
TXN-00669,2025-01-23,Marketing,110709.49,85580.21,25129.28,98324.39,70,1581.56,Enterprise,INR,Accrual,-12744.18,-12.96,22.7
TXN-00670,2026-10-20,Sales,737733.85,388002.27,349731.58,442311.82,42,17565.09,Direct,INR,Accrual,-54309.55,-12.28,47.41
TXN-00671,2024-03-28,Customer Support,135456.13,257562.82,-122106.69,270491.17,98,1382.21,Partner,INR,Actual,-12928.35,-4.78,-90.14
TXN-00672,2024-05-27,Procurement,320637.92,187556.84,133081.08,160495.93,119,2694.44,Direct,USD,Actual,27060.91,16.86,41.51
TXN-00673,2024-01-30,Marketing,289798.44,279025.72,10772.72,305874.07,52,5573.05,Enterprise,INR,Actual,-26848.35,-8.78,3.72
TXN-00674,2024-08-05,Legal,249143.05,255818.55,-6675.5,234373.73,65,3832.97,Enterprise,INR,Accrual,21444.82,9.15,-2.68
TXN-00675,2025-10-26,Legal,392755.98,206712.74,186043.24,184222.15,67,5862.03,Direct,INR,Accrual,22490.59,12.21,47.37
TXN-00676,2024-05-09,Legal,182168.01,246661.02,-64493.01,222097.35,87,2093.89,Partner,INR,Actual,24563.67,11.06,-35.4
TXN-00677,2024-09-30,Legal,337315.69,219082.81,118232.88,210941.54,60,5621.93,Direct,INR,Actual,8141.27,3.86,35.05
TXN-00678,2024-01-14,Procurement,153823.86,99611.07,54212.79,104146.04,76,2024.0,Enterprise,INR,Accrual,-4534.97,-4.35,35.24
TXN-00679,2024-09-16,Administration,142926.36,139608.94,3317.42,137532.36,70,2041.81,Partner,INR,Actual,2076.58,1.51,2.32
TXN-00680,2025-01-03,Finance,249966.29,289065.57,-39099.28,300095.59,140,1785.47,Online,INR,Actual,-11030.02,-3.68,-15.64
TXN-00681,2025-04-27,Administration,135252.35,196643.78,-61391.43,172791.9,86,1572.7,Partner,INR,Actual,23851.88,13.8,-45.39
TXN-00682,2025-07-20,Procurement,158115.7,255254.85,-97139.15,269440.16,100,1581.16,Enterprise,USD,Actual,-14185.31,-5.26,-61.44
TXN-00683,2024-04-20,IT,209257.92,126109.75,83148.17,116703.8,118,1773.37,Enterprise,USD,Actual,9405.95,8.06,39.73
TXN-00684,2024-12-26,Marketing,335647.61,186713.51,148934.1,165207.76,70,4794.97,Enterprise,INR,Accrual,21505.75,13.02,44.37
TXN-00685,2026-05-08,Administration,324126.03,277642.01,46484.02,255158.27,54,6002.33,Online,USD,Actual,22483.74,8.81,14.34
TXN-00686,2026-04-24,Administration,212659.72,128545.81,84113.91,127427.09,102,2084.9,Direct,INR,Actual,1118.72,0.88,39.55
TXN-00687,2025-03-18,Logistics,236497.26,165212.67,71284.59,147191.5,132,1791.65,Partner,INR,Accrual,18021.17,12.24,30.14
TXN-00688,2025-02-18,Human Resources,138163.53,232286.32,-94122.79,201600.26,57,2423.92,Direct,INR,Accrual,30686.06,15.22,-68.12
TXN-00689,2026-05-06,Marketing,328101.87,128367.78,199734.09,120479.38,60,5468.36,Partner,INR,Actual,7888.4,6.55,60.88
TXN-00690,2024-06-26,Customer Support,357092.13,187626.95,169465.18,215526.95,115,3105.15,Enterprise,INR,Accrual,-27900.0,-12.95,47.46
TXN-00691,2024-01-30,Finance,228433.11,271971.66,-43538.55,251396.85,95,2404.56,Partner,INR,Actual,20574.81,8.18,-19.06
TXN-00692,2024-01-11,Customer Support,394055.21,88812.91,305242.3,88030.98,138,2855.47,Direct,INR,Accrual,781.93,0.89,77.46
TXN-00693,2026-09-08,Finance,346387.4,179537.1,166850.3,165560.76,111,3120.61,Direct,INR,Accrual,13976.34,8.44,48.17
TXN-00694,2025-03-22,Marketing,207521.7,132593.73,74927.97,152441.09,42,4940.99,Enterprise,INR,Actual,-19847.36,-13.02,36.11
TXN-00695,2026-07-29,Logistics,324186.01,85370.96,238815.05,84214.37,138,2349.17,Partner,INR,Accrual,1156.59,1.37,73.67
TXN-00696,2025-01-13,Human Resources,288043.29,234858.45,53184.84,199725.76,120,2400.36,Direct,INR,Accrual,35132.69,17.59,18.46
TXN-00697,2026-12-23,Procurement,188976.99,245635.36,-56658.37,260230.15,118,1601.5,Partner,INR,Actual,-14594.79,-5.61,-29.98
TXN-00698,2025-11-18,Finance,379672.98,193242.03,186430.95,217011.04,86,4414.8,Direct,USD,Accrual,-23769.01,-10.95,49.1
TXN-00699,2026-08-11,Logistics,112262.3,160615.26,-48352.96,167754.9,130,863.56,Direct,INR,Actual,-7139.64,-4.26,-43.07
TXN-00700,2024-10-10,Human Resources,171589.81,104982.69,66607.12,104305.35,136,1261.69,Partner,INR,Actual,677.34,0.65,38.82
TXN-00701,2025-10-18,Human Resources,369379.91,190784.51,178595.4,186373.33,46,8030.0,Direct,INR,Accrual,4411.18,2.37,48.35
TXN-00702,2026-09-22,Sales,584338.91,270860.6,313478.31,287910.62,126,4637.61,Online,INR,Accrual,-17050.02,-5.92,53.65
TXN-00703,2024-05-14,Administration,367570.96,180732.31,186838.65,157969.28,62,5928.56,Online,INR,Actual,22763.03,14.41,50.83
TXN-00704,2024-08-11,Marketing,182782.82,233358.06,-50575.24,233101.04,66,2769.44,Direct,USD,Actual,257.02,0.11,-27.67
TXN-00705,2026-08-28,Human Resources,226038.99,242296.03,-16257.04,207513.15,64,3531.86,Direct,USD,Actual,34782.88,16.76,-7.19
TXN-00706,2026-11-30,IT,200763.21,207315.01,-6551.8,217002.46,140,1434.02,Online,INR,Accrual,-9687.45,-4.46,-3.26
TXN-00707,2026-07-26,R&D,391812.92,363725.11,28087.81,342610.32,73,5367.3,Partner,INR,Accrual,21114.79,6.16,7.17
TXN-00708,2024-04-06,Marketing,205936.27,180303.84,25632.43,162257.03,60,3432.27,Online,USD,Actual,18046.81,11.12,12.45
TXN-00709,2024-11-10,Marketing,171371.6,89053.32,82318.28,84154.3,56,3060.21,Enterprise,USD,Actual,4899.02,5.82,48.03
TXN-00710,2025-02-24,Sales,647497.03,363144.06,284352.97,415221.38,58,11163.74,Online,INR,Actual,-52077.32,-12.54,43.92
TXN-00711,2026-12-28,R&D,280372.51,223988.03,56384.48,252954.31,138,2031.68,Partner,INR,Accrual,-28966.28,-11.45,20.11
TXN-00712,2024-11-15,Procurement,391045.05,200152.03,190893.02,200596.91,122,3205.29,Online,INR,Accrual,-444.88,-0.22,48.82
TXN-00713,2024-10-28,Logistics,318563.14,282904.26,35658.88,269213.2,54,5899.32,Enterprise,INR,Actual,13691.06,5.09,11.19
TXN-00714,2024-08-27,R&D,256198.9,318803.52,-62604.62,292058.91,85,3014.1,Direct,INR,Actual,26744.61,9.16,-24.44
TXN-00715,2026-12-14,Administration,334385.01,248760.93,85624.08,226052.71,50,6687.7,Enterprise,INR,Actual,22708.22,10.05,25.61
TXN-00716,2026-11-14,Customer Support,158335.01,149906.72,8428.29,154632.28,47,3368.83,Online,INR,Accrual,-4725.56,-3.06,5.32
TXN-00717,2026-01-27,Customer Support,211849.35,142623.08,69226.27,136263.02,97,2184.01,Direct,USD,Accrual,6360.06,4.67,32.68
TXN-00718,2026-05-01,Operations,422158.5,416964.37,5194.13,475801.46,94,4491.05,Enterprise,USD,Actual,-58837.09,-12.37,1.23
TXN-00719,2024-10-21,Administration,190969.34,297444.13,-106474.79,299701.82,82,2328.89,Direct,INR,Accrual,-2257.69,-0.75,-55.75
TXN-00720,2024-06-30,Procurement,222838.19,281170.31,-58332.12,273959.47,111,2007.55,Enterprise,INR,Actual,7210.84,2.63,-26.18
TXN-00721,2025-02-12,Marketing,349685.12,143681.9,206003.22,143276.1,78,4483.14,Online,INR,Accrual,405.8,0.28,58.91
TXN-00722,2025-04-04,Procurement,337365.86,113885.27,223480.59,107057.94,121,2788.15,Enterprise,USD,Accrual,6827.33,6.38,66.24
TXN-00723,2026-05-04,Marketing,247565.95,231325.5,16240.45,213611.77,55,4501.2,Online,INR,Actual,17713.73,8.29,6.56
TXN-00724,2026-01-10,Logistics,244145.77,175935.07,68210.7,163157.51,127,1922.41,Enterprise,INR,Actual,12777.56,7.83,27.94
TXN-00725,2026-02-03,Sales,656535.04,252982.66,403552.38,234732.78,114,5759.08,Direct,USD,Accrual,18249.88,7.77,61.47
TXN-00726,2024-10-04,Human Resources,148992.66,139987.48,9005.18,136607.37,85,1752.85,Direct,USD,Actual,3380.11,2.47,6.04
TXN-00727,2026-11-18,Administration,329932.73,120314.45,209618.28,105678.51,136,2425.98,Partner,INR,Accrual,14635.94,13.85,63.53
TXN-00728,2025-09-08,R&D,421360.93,330135.46,91225.47,290106.54,114,3696.15,Online,INR,Actual,40028.92,13.8,21.65
TXN-00729,2024-10-07,Sales,498496.22,382397.33,116098.89,372301.41,60,8308.27,Direct,USD,Actual,10095.92,2.71,23.29
TXN-00730,2025-01-20,Sales,614699.93,391340.75,223359.18,394352.45,108,5691.67,Direct,INR,Actual,-3011.7,-0.76,36.34
TXN-00731,2024-08-26,Marketing,377022.93,185494.01,191528.92,175008.41,86,4383.99,Partner,INR,Accrual,10485.6,5.99,50.8
TXN-00732,2024-12-18,Finance,191405.28,243781.25,-52375.97,215887.57,56,3417.95,Partner,INR,Accrual,27893.68,12.92,-27.36
TXN-00733,2024-09-13,Administration,139065.48,97293.09,41772.39,102862.68,140,993.32,Direct,USD,Accrual,-5569.59,-5.41,30.04
TXN-00734,2026-06-02,Procurement,158905.3,87214.4,71690.9,91395.17,115,1381.79,Direct,INR,Accrual,-4180.77,-4.57,45.12
TXN-00735,2024-03-29,Legal,190493.74,82259.93,108233.81,72302.45,55,3463.52,Partner,INR,Actual,9957.48,13.77,56.82
TXN-00736,2025-01-13,IT,205460.1,99971.45,105488.65,110344.33,75,2739.47,Online,INR,Actual,-10372.88,-9.4,51.34
TXN-00737,2026-10-31,Logistics,120501.11,260309.03,-139807.92,280866.47,107,1126.18,Partner,INR,Accrual,-20557.44,-7.32,-116.02
TXN-00738,2024-12-17,Sales,401515.13,373309.39,28205.74,420820.34,104,3860.72,Enterprise,INR,Actual,-47510.95,-11.29,7.02
TXN-00739,2026-06-19,IT,387324.32,119786.68,267537.64,114569.58,88,4401.41,Enterprise,USD,Actual,5217.1,4.55,69.07
TXN-00740,2026-04-14,Legal,328422.83,149141.66,179281.17,147616.02,106,3098.33,Partner,INR,Accrual,1525.64,1.03,54.59
TXN-00741,2025-08-13,Sales,652747.8,263982.15,388765.65,263484.24,89,7334.24,Online,INR,Accrual,497.91,0.19,59.56
TXN-00742,2026-06-28,Administration,266174.77,143929.65,122245.12,159273.95,64,4158.98,Direct,INR,Accrual,-15344.3,-9.63,45.93
TXN-00743,2026-01-22,Marketing,103835.75,228314.96,-124479.21,240102.55,90,1153.73,Enterprise,INR,Actual,-11787.59,-4.91,-119.88
TXN-00744,2024-09-01,Marketing,218443.44,232908.17,-14464.73,266277.22,134,1630.17,Partner,USD,Actual,-33369.05,-12.53,-6.62
TXN-00745,2025-11-24,Administration,278488.25,297945.49,-19457.24,264226.6,94,2962.64,Enterprise,USD,Accrual,33718.89,12.76,-6.99
TXN-00746,2026-03-30,Human Resources,242747.88,212696.4,30051.48,206599.05,102,2379.88,Online,USD,Accrual,6097.35,2.95,12.38
TXN-00747,2024-08-09,Legal,175206.96,189400.23,-14193.27,196694.28,57,3073.81,Direct,USD,Actual,-7294.05,-3.71,-8.1
TXN-00748,2024-05-19,Operations,519526.86,445252.33,74274.53,429574.95,126,4123.23,Online,USD,Actual,15677.38,3.65,14.3
TXN-00749,2024-06-05,IT,325482.92,248865.86,76617.06,270721.12,65,5007.43,Online,INR,Accrual,-21855.26,-8.07,23.54
TXN-00750,2026-10-30,R&D,385609.53,349517.06,36092.47,353766.73,42,9181.18,Direct,INR,Actual,-4249.67,-1.2,9.36
TXN-00751,2026-02-24,Operations,428639.8,343977.22,84662.58,339814.02,44,9741.81,Partner,INR,Accrual,4163.2,1.23,19.75
TXN-00752,2024-12-02,Operations,457670.28,333118.14,124552.14,322033.35,137,3340.66,Direct,INR,Accrual,11084.79,3.44,27.21
TXN-00753,2026-08-20,Operations,490563.85,306572.86,183990.99,265713.18,73,6720.05,Enterprise,INR,Accrual,40859.68,15.38,37.51
TXN-00754,2025-12-23,R&D,330120.7,224503.52,105617.18,193866.77,86,3838.61,Online,INR,Actual,30636.75,15.8,31.99
TXN-00755,2025-11-29,Customer Support,129205.01,155931.47,-26726.46,149259.13,84,1538.15,Direct,INR,Actual,6672.34,4.47,-20.69
TXN-00756,2025-04-25,IT,193629.86,98687.18,94942.68,104252.88,79,2451.01,Direct,INR,Actual,-5565.7,-5.34,49.03
TXN-00757,2025-10-29,Procurement,238272.82,269941.07,-31668.25,275451.87,93,2562.07,Online,USD,Accrual,-5510.8,-2.0,-13.29
TXN-00758,2024-02-15,Human Resources,213321.28,165866.17,47455.11,169475.68,102,2091.39,Direct,INR,Actual,-3609.51,-2.13,22.25
TXN-00759,2025-11-19,Operations,475692.13,410033.66,65658.47,390295.39,118,4031.29,Online,INR,Accrual,19738.27,5.06,13.8
TXN-00760,2025-02-17,Operations,508861.05,445598.23,63262.82,388827.39,108,4711.68,Partner,USD,Actual,56770.84,14.6,12.43
TXN-00761,2025-08-31,Logistics,220608.21,129694.91,90913.3,139145.31,51,4325.65,Direct,INR,Accrual,-9450.4,-6.79,41.21
TXN-00762,2024-05-17,Logistics,340355.7,184559.04,155796.66,168487.96,49,6946.03,Online,INR,Accrual,16071.08,9.54,45.77
TXN-00763,2026-06-05,IT,261984.27,124016.94,137967.33,120382.04,119,2201.55,Enterprise,INR,Actual,3634.9,3.02,52.66
TXN-00764,2024-02-08,IT,310999.49,269796.16,41203.33,276015.77,67,4641.78,Enterprise,USD,Accrual,-6219.61,-2.25,13.25
TXN-00765,2024-05-02,Sales,470226.81,328622.74,141604.07,303027.03,135,3483.16,Online,INR,Accrual,25595.71,8.45,30.11
TXN-00766,2025-10-14,Legal,290178.25,266112.74,24065.51,247506.25,76,3818.13,Partner,USD,Actual,18606.49,7.52,8.29
TXN-00767,2026-04-11,Administration,134067.57,122221.52,11846.05,112893.08,79,1697.06,Enterprise,INR,Accrual,9328.44,8.26,8.84
TXN-00768,2026-05-14,IT,371696.69,124437.91,247258.78,115952.94,43,8644.11,Online,INR,Accrual,8484.97,7.32,66.52
TXN-00769,2024-12-26,IT,355756.31,292033.12,63723.19,290792.74,42,8470.39,Direct,INR,Actual,1240.38,0.43,17.91
TXN-00770,2025-10-04,Logistics,189393.75,93987.97,95405.78,106819.82,86,2202.25,Direct,INR,Actual,-12831.85,-12.01,50.37
TXN-00771,2025-04-28,Legal,271292.01,190054.68,81237.33,168425.09,125,2170.34,Online,INR,Actual,21629.59,12.84,29.94
TXN-00772,2025-05-02,Logistics,136683.05,257471.19,-120788.14,244285.0,114,1198.97,Enterprise,INR,Actual,13186.19,5.4,-88.37
TXN-00773,2026-05-16,Administration,143283.37,118533.94,24749.43,135244.5,96,1492.54,Enterprise,USD,Actual,-16710.56,-12.36,17.27
TXN-00774,2026-10-01,Sales,531146.74,411280.85,119865.89,388638.6,94,5650.5,Enterprise,INR,Accrual,22642.25,5.83,22.57
TXN-00775,2024-10-23,Human Resources,242566.53,160902.64,81663.89,151642.92,122,1988.25,Direct,INR,Actual,9259.72,6.11,33.67
TXN-00776,2025-05-05,R&D,388181.98,269482.96,118699.02,306549.02,86,4513.74,Direct,INR,Actual,-37066.06,-12.09,30.58
TXN-00777,2026-06-25,Customer Support,102359.83,291364.55,-189004.72,328732.7,72,1421.66,Online,USD,Actual,-37368.15,-11.37,-184.65
TXN-00778,2025-09-01,Administration,357825.02,115249.99,242575.03,113135.59,80,4472.81,Enterprise,INR,Accrual,2114.4,1.87,67.79
TXN-00779,2024-06-13,Operations,467772.82,350203.42,117569.4,386046.4,131,3570.78,Enterprise,INR,Actual,-35842.98,-9.28,25.13
TXN-00780,2024-11-24,Finance,178291.02,94600.79,83690.23,92355.08,133,1340.53,Online,INR,Actual,2245.71,2.43,46.94
TXN-00781,2024-04-16,IT,292477.75,218634.4,73843.35,237722.45,57,5131.19,Direct,INR,Accrual,-19088.05,-8.03,25.25
TXN-00782,2025-10-04,Logistics,124669.62,114720.94,9948.68,115284.19,138,903.4,Partner,INR,Accrual,-563.25,-0.49,7.98
TXN-00783,2025-10-16,Operations,469591.37,404979.26,64612.11,375903.35,127,3697.57,Online,INR,Actual,29075.91,7.73,13.76
TXN-00784,2024-06-21,Customer Support,210279.87,166568.72,43711.15,160438.33,113,1860.88,Partner,USD,Actual,6130.39,3.82,20.79
TXN-00785,2025-04-13,Legal,392238.27,123618.56,268619.71,131082.44,61,6430.14,Direct,INR,Accrual,-7463.88,-5.69,68.48
TXN-00786,2025-06-16,Marketing,126718.38,160942.43,-34224.05,182536.57,55,2303.97,Direct,INR,Accrual,-21594.14,-11.83,-27.01
TXN-00787,2026-07-18,IT,248244.71,129386.47,118858.24,117863.78,140,1773.18,Online,USD,Accrual,11522.69,9.78,47.88
TXN-00788,2026-02-21,Marketing,229392.58,125453.31,103939.27,114748.38,76,3018.32,Partner,INR,Accrual,10704.93,9.33,45.31
TXN-00789,2024-10-25,Procurement,187057.89,137595.88,49462.01,142453.57,71,2634.62,Online,INR,Accrual,-4857.69,-3.41,26.44
TXN-00790,2024-06-24,Procurement,240664.48,271717.56,-31053.08,310388.34,90,2674.05,Partner,INR,Accrual,-38670.78,-12.46,-12.9
TXN-00791,2025-06-08,Legal,128583.83,92925.51,35658.32,88266.11,70,1836.91,Enterprise,INR,Actual,4659.4,5.28,27.73
TXN-00792,2024-01-11,R&D,376135.5,280950.03,95185.47,321198.13,125,3009.08,Online,USD,Actual,-40248.1,-12.53,25.31
TXN-00793,2025-01-02,R&D,292466.62,298854.37,-6387.75,284435.55,99,2954.21,Partner,USD,Accrual,14418.82,5.07,-2.18
TXN-00794,2024-10-17,R&D,279210.51,227065.95,52144.56,201716.64,75,3722.81,Online,INR,Accrual,25349.31,12.57,18.68
TXN-00795,2025-06-23,Logistics,348876.75,283877.71,64999.04,285323.16,95,3672.39,Partner,INR,Accrual,-1445.45,-0.51,18.63
TXN-00796,2024-11-05,Sales,698561.78,361761.31,336800.47,394126.67,46,15186.13,Partner,USD,Actual,-32365.36,-8.21,48.21
TXN-00797,2025-01-10,Procurement,241074.26,115982.09,125092.17,114838.49,54,4464.34,Enterprise,USD,Accrual,1143.6,1.0,51.89
TXN-00798,2026-09-20,Operations,473247.14,423792.52,49454.62,470436.73,55,8604.49,Online,USD,Accrual,-46644.21,-9.92,10.45
TXN-00799,2025-01-04,Marketing,324981.0,260965.79,64015.21,265917.41,124,2620.81,Partner,INR,Actual,-4951.62,-1.86,19.7
TXN-00800,2026-12-13,Logistics,154170.65,282490.9,-128320.25,260978.44,103,1496.8,Direct,INR,Actual,21512.46,8.24,-83.23
TXN-00801,2025-08-05,IT,394400.34,106838.01,287562.33,102785.38,53,7441.52,Online,USD,Actual,4052.63,3.94,72.91
TXN-00802,2026-07-31,Finance,297861.8,179892.21,117969.59,204458.37,116,2567.77,Direct,INR,Actual,-24566.16,-12.02,39.61
TXN-00803,2026-07-16,Human Resources,384225.52,299960.64,84264.88,336574.89,112,3430.59,Partner,USD,Actual,-36614.25,-10.88,21.93
TXN-00804,2025-08-02,Human Resources,339444.09,243636.0,95808.09,247082.69,117,2901.23,Enterprise,USD,Accrual,-3446.69,-1.39,28.22
TXN-00805,2024-12-30,Administration,389514.79,270413.41,119101.38,237086.71,66,5901.74,Partner,INR,Accrual,33326.7,14.06,30.58
TXN-00806,2025-08-06,IT,325767.57,223894.15,101873.42,198410.65,102,3193.8,Enterprise,INR,Accrual,25483.5,12.84,31.27
TXN-00807,2024-09-25,Human Resources,299656.09,263051.63,36604.46,264050.17,102,2937.8,Enterprise,INR,Accrual,-998.54,-0.38,12.22
TXN-00808,2025-07-03,Logistics,280102.22,99848.92,180253.3,97528.52,87,3219.57,Partner,INR,Accrual,2320.4,2.38,64.35
TXN-00809,2024-07-09,Procurement,254002.44,294119.79,-40117.35,309688.14,122,2081.99,Partner,INR,Actual,-15568.35,-5.03,-15.79
TXN-00810,2025-08-18,Operations,459338.88,434225.31,25113.57,431308.8,59,7785.4,Partner,INR,Accrual,2916.51,0.68,5.47
TXN-00811,2025-05-24,Sales,549706.13,346651.07,203055.06,351954.24,45,12215.69,Direct,INR,Accrual,-5303.17,-1.51,36.94
TXN-00812,2024-07-12,Operations,515213.81,376641.3,138572.51,348775.15,72,7155.75,Direct,INR,Actual,27866.15,7.99,26.9
TXN-00813,2024-08-21,Finance,298473.5,119501.48,178972.02,108108.5,90,3316.37,Direct,USD,Accrual,11392.98,10.54,59.96
TXN-00814,2025-10-04,Logistics,317228.41,246617.94,70610.47,242914.82,73,4345.59,Online,INR,Actual,3703.12,1.52,22.26
TXN-00815,2025-03-08,Marketing,123466.16,296080.96,-172614.8,274702.52,126,979.89,Direct,INR,Actual,21378.44,7.78,-139.81
TXN-00816,2024-01-12,Customer Support,135003.48,117781.78,17221.7,116973.32,128,1054.71,Enterprise,INR,Accrual,808.46,0.69,12.76
TXN-00817,2025-09-12,Logistics,343939.74,215683.86,128255.88,228020.69,128,2687.03,Enterprise,INR,Actual,-12336.83,-5.41,37.29
TXN-00818,2024-09-13,Marketing,104162.78,104620.75,-457.97,89426.22,64,1627.54,Direct,USD,Actual,15194.53,16.99,-0.44
TXN-00819,2025-05-10,Customer Support,352626.91,268801.66,83825.25,271912.97,51,6914.25,Online,INR,Actual,-3111.31,-1.14,23.77
TXN-00820,2026-08-28,Customer Support,106545.05,116543.21,-9998.16,104390.86,129,825.93,Enterprise,INR,Accrual,12152.35,11.64,-9.38
TXN-00821,2024-02-10,Operations,496306.57,314227.53,182079.04,320772.62,90,5514.52,Direct,INR,Actual,-6545.09,-2.04,36.69
TXN-00822,2026-06-03,Customer Support,354584.88,242157.23,112427.65,249119.7,110,3223.5,Online,USD,Accrual,-6962.47,-2.79,31.71
TXN-00823,2026-09-22,Sales,606863.75,353954.2,252909.55,372926.28,102,5949.64,Partner,INR,Actual,-18972.08,-5.09,41.67
TXN-00824,2026-05-14,Logistics,194755.05,93972.33,100782.72,105048.21,93,2094.14,Enterprise,USD,Accrual,-11075.88,-10.54,51.75
TXN-00825,2026-07-07,Finance,230869.0,115493.36,115375.64,123331.06,100,2308.69,Online,INR,Actual,-7837.7,-6.36,49.97
TXN-00826,2025-11-25,Logistics,356036.14,237343.82,118692.32,235098.59,77,4623.85,Enterprise,INR,Accrual,2245.23,0.96,33.34
TXN-00827,2026-08-25,Marketing,286552.71,142140.59,144412.12,152769.34,125,2292.42,Enterprise,USD,Actual,-10628.75,-6.96,50.4
TXN-00828,2024-11-16,Logistics,247655.72,254566.14,-6910.42,288402.16,103,2404.42,Online,USD,Actual,-33836.02,-11.73,-2.79
TXN-00829,2024-02-07,Human Resources,364271.83,158549.65,205722.18,142311.25,104,3502.61,Direct,INR,Accrual,16238.4,11.41,56.47
TXN-00830,2026-05-31,Legal,285268.88,106551.37,178717.51,97731.97,73,3907.79,Online,INR,Actual,8819.4,9.02,62.65
TXN-00831,2025-07-01,Marketing,356022.44,272213.05,83809.39,280729.74,53,6717.4,Direct,INR,Accrual,-8516.69,-3.03,23.54
TXN-00832,2026-07-25,Legal,392397.93,251963.53,140434.4,260252.31,53,7403.73,Direct,INR,Actual,-8288.78,-3.18,35.79
TXN-00833,2024-08-29,Administration,373295.73,114547.16,258748.57,107403.64,96,3888.5,Enterprise,INR,Actual,7143.52,6.65,69.31
TXN-00834,2024-11-11,IT,209121.07,260215.37,-51094.3,230783.72,65,3217.25,Enterprise,INR,Actual,29431.65,12.75,-24.43
TXN-00835,2025-05-17,Operations,435330.02,365853.86,69476.16,320330.72,87,5003.79,Enterprise,INR,Actual,45523.14,14.21,15.96
TXN-00836,2024-11-06,Sales,547602.77,288790.94,258811.83,314935.36,92,5952.2,Enterprise,INR,Accrual,-26144.42,-8.3,47.26
TXN-00837,2024-03-01,Operations,386396.08,281691.28,104704.8,307571.4,48,8049.92,Direct,INR,Accrual,-25880.12,-8.41,27.1
TXN-00838,2024-12-02,Customer Support,118440.5,247022.32,-128581.82,258892.45,122,970.82,Partner,INR,Actual,-11870.13,-4.58,-108.56
TXN-00839,2026-11-30,R&D,354826.32,361725.26,-6898.94,383514.55,78,4549.06,Online,INR,Actual,-21789.29,-5.68,-1.94
TXN-00840,2025-07-26,Sales,613640.37,274966.51,338673.86,267042.37,122,5029.84,Partner,INR,Accrual,7924.14,2.97,55.19
TXN-00841,2025-12-08,IT,221351.71,123405.07,97946.64,116057.46,44,5030.72,Online,INR,Actual,7347.61,6.33,44.25
TXN-00842,2026-12-01,Sales,499374.75,265779.33,233595.42,269908.41,106,4711.08,Online,INR,Actual,-4129.08,-1.53,46.78
TXN-00843,2024-02-17,Procurement,367095.8,198785.18,168310.62,184394.54,139,2640.98,Online,INR,Actual,14390.64,7.8,45.85
TXN-00844,2024-05-02,Human Resources,177926.94,191649.86,-13722.92,170021.01,136,1308.29,Direct,INR,Actual,21628.85,12.72,-7.71
TXN-00845,2026-07-17,Human Resources,394885.17,257185.26,137699.91,294914.34,112,3525.76,Partner,INR,Accrual,-37729.08,-12.79,34.87
TXN-00846,2024-10-13,Finance,213299.72,242252.71,-28952.99,213562.26,106,2012.26,Partner,INR,Accrual,28690.45,13.43,-13.57
TXN-00847,2026-07-19,Legal,143965.98,173652.27,-29686.29,169070.61,51,2822.86,Direct,INR,Actual,4581.66,2.71,-20.62
TXN-00848,2026-09-02,Administration,233849.23,161244.73,72604.5,162514.8,115,2033.47,Enterprise,INR,Accrual,-1270.07,-0.78,31.05
TXN-00849,2026-05-17,Operations,522254.47,441129.41,81125.06,471794.56,93,5615.64,Partner,USD,Actual,-30665.15,-6.5,15.53
TXN-00850,2026-09-19,Finance,237313.84,292967.0,-55653.16,294125.87,107,2217.89,Direct,INR,Accrual,-1158.87,-0.39,-23.45
TXN-00851,2026-08-27,Procurement,323948.89,287695.3,36253.59,276417.53,55,5889.98,Enterprise,USD,Accrual,11277.77,4.08,11.19
TXN-00852,2025-08-16,Procurement,256833.25,105903.29,150929.96,99705.55,87,2952.11,Online,USD,Actual,6197.74,6.22,58.77
TXN-00853,2024-10-19,Marketing,335137.75,172786.53,162351.22,195429.55,79,4242.25,Online,USD,Accrual,-22643.02,-11.59,48.44
TXN-00854,2024-01-05,Legal,264261.19,94864.2,169396.99,81906.2,101,2616.45,Online,INR,Accrual,12958.0,15.82,64.1
TXN-00855,2026-02-11,Operations,558615.0,421726.19,136888.81,375270.05,57,9800.26,Enterprise,INR,Accrual,46456.14,12.38,24.51
TXN-00856,2024-11-01,Finance,197564.89,255958.56,-58393.67,268590.29,92,2147.44,Enterprise,USD,Accrual,-12631.73,-4.7,-29.56
TXN-00857,2025-11-25,Sales,416036.9,363975.45,52061.45,357761.97,75,5547.16,Direct,INR,Actual,6213.48,1.74,12.51
TXN-00858,2025-09-24,Sales,625805.89,359465.41,266340.48,314728.36,119,5258.87,Direct,INR,Actual,44737.05,14.21,42.56
TXN-00859,2026-09-01,Sales,713902.5,270448.14,443454.36,305837.51,63,11331.79,Direct,USD,Actual,-35389.37,-11.57,62.12
TXN-00860,2025-05-17,Finance,351675.23,207501.61,144173.62,181645.74,108,3256.25,Online,INR,Actual,25855.87,14.23,41.0
TXN-00861,2026-10-03,Procurement,201986.97,119711.76,82275.21,102618.97,107,1887.73,Online,INR,Actual,17092.79,16.66,40.73
TXN-00862,2024-08-22,Legal,262533.78,142777.38,119756.4,129185.07,138,1902.42,Direct,USD,Accrual,13592.31,10.52,45.62
TXN-00863,2024-12-12,Procurement,284342.63,151563.95,132778.68,130064.81,47,6049.84,Online,INR,Accrual,21499.14,16.53,46.7
TXN-00864,2024-10-18,Customer Support,367903.31,136745.54,231157.77,154860.67,55,6689.15,Direct,USD,Actual,-18115.13,-11.7,62.83
TXN-00865,2026-10-06,Sales,663336.49,315458.28,347878.21,279030.55,47,14113.54,Online,INR,Accrual,36427.73,13.06,52.44
TXN-00866,2024-05-14,Operations,357226.61,387702.02,-30475.41,435823.8,42,8505.4,Online,INR,Actual,-48121.78,-11.04,-8.53
TXN-00867,2025-05-19,Sales,628042.82,271347.13,356695.69,276902.61,97,6474.67,Direct,INR,Actual,-5555.48,-2.01,56.79
TXN-00868,2024-10-18,Human Resources,262131.93,117001.43,145130.5,108056.49,94,2788.64,Enterprise,USD,Accrual,8944.94,8.28,55.37
TXN-00869,2025-08-15,IT,391624.54,80119.44,311505.1,90539.14,101,3877.47,Online,INR,Accrual,-10419.7,-11.51,79.54
TXN-00870,2025-12-20,IT,163826.24,264950.52,-101124.28,247568.01,60,2730.44,Direct,INR,Accrual,17382.51,7.02,-61.73
TXN-00871,2024-09-08,Marketing,317522.13,299740.68,17781.45,333756.39,66,4810.94,Online,INR,Accrual,-34015.71,-10.19,5.6
TXN-00872,2025-06-19,Finance,235815.42,134104.22,101711.2,153536.8,83,2841.15,Partner,INR,Accrual,-19432.58,-12.66,43.13
TXN-00873,2024-02-02,Finance,140117.72,282896.71,-142778.99,292129.33,40,3502.94,Direct,INR,Accrual,-9232.62,-3.16,-101.9
TXN-00874,2026-09-28,Customer Support,261439.44,253207.15,8232.29,264532.9,49,5335.5,Direct,INR,Accrual,-11325.75,-4.28,3.15
TXN-00875,2024-09-09,Human Resources,391611.71,162802.82,228808.89,167750.93,89,4400.13,Partner,INR,Actual,-4948.11,-2.95,58.43
TXN-00876,2024-09-12,Operations,442620.16,312808.45,129811.71,266765.86,135,3278.67,Direct,INR,Accrual,46042.59,17.26,29.33
TXN-00877,2025-01-27,Legal,344884.25,217552.04,127332.21,237680.9,68,5071.83,Partner,INR,Accrual,-20128.86,-8.47,36.92
TXN-00878,2024-03-16,R&D,373209.47,332647.63,40561.84,343228.52,40,9330.24,Partner,INR,Accrual,-10580.89,-3.08,10.87
TXN-00879,2024-08-15,R&D,392275.56,299041.81,93233.75,303687.59,124,3163.51,Partner,USD,Actual,-4645.78,-1.53,23.77
TXN-00880,2024-05-13,Marketing,177887.34,205378.72,-27491.38,188617.67,106,1678.18,Online,USD,Actual,16761.05,8.89,-15.45
TXN-00881,2026-12-27,Logistics,175876.32,203225.51,-27349.19,200416.49,94,1871.02,Direct,INR,Accrual,2809.02,1.4,-15.55
TXN-00882,2026-06-04,Customer Support,182210.68,229638.16,-47427.48,227336.27,86,2118.73,Direct,INR,Actual,2301.89,1.01,-26.03
TXN-00883,2024-04-06,R&D,479597.87,305185.65,174412.22,288361.56,90,5328.87,Partner,INR,Actual,16824.09,5.83,36.37
TXN-00884,2025-04-07,Finance,227146.08,96376.88,130769.2,89148.16,61,3723.71,Online,INR,Actual,7228.72,8.11,57.57
TXN-00885,2024-02-27,Operations,457987.24,284084.0,173903.24,309414.71,82,5585.21,Online,USD,Accrual,-25330.71,-8.19,37.97
TXN-00886,2025-05-03,Human Resources,349755.25,260759.44,88995.81,262298.58,70,4996.5,Direct,INR,Accrual,-1539.14,-0.59,25.45
TXN-00887,2024-07-14,IT,233936.86,107461.8,126475.06,122759.81,44,5316.75,Enterprise,INR,Actual,-15298.01,-12.46,54.06
TXN-00888,2024-09-18,Procurement,375734.74,177222.05,198512.69,166666.94,120,3131.12,Enterprise,USD,Actual,10555.11,6.33,52.83
TXN-00889,2024-04-16,R&D,462482.33,284269.29,178213.04,294272.89,92,5026.98,Partner,INR,Actual,-10003.6,-3.4,38.53
TXN-00890,2026-07-17,Customer Support,239262.73,174183.26,65079.47,180464.87,52,4601.21,Online,INR,Actual,-6281.61,-3.48,27.2
TXN-00891,2026-07-18,Sales,514867.78,282721.82,232145.96,249023.33,116,4438.52,Direct,INR,Actual,33698.49,13.53,45.09
TXN-00892,2024-09-15,IT,252669.4,158186.07,94483.33,157303.36,119,2123.27,Enterprise,USD,Actual,882.71,0.56,37.39
TXN-00893,2024-03-31,Procurement,138304.23,208594.9,-70290.67,209416.29,123,1124.42,Online,INR,Actual,-821.39,-0.39,-50.82
TXN-00894,2024-10-28,Operations,427168.6,338293.05,88875.55,324980.88,41,10418.75,Partner,USD,Actual,13312.17,4.1,20.81
TXN-00895,2026-05-14,Human Resources,158622.14,124081.82,34540.32,139288.06,140,1133.02,Direct,INR,Accrual,-15206.24,-10.92,21.78
TXN-00896,2026-08-15,Logistics,307724.15,267441.91,40282.24,272745.04,82,3752.73,Online,INR,Actual,-5303.13,-1.94,13.09
TXN-00897,2024-08-02,Operations,569026.37,434792.31,134234.06,434261.52,40,14225.66,Partner,INR,Accrual,530.79,0.12,23.59
TXN-00898,2025-03-12,Administration,244223.86,249036.65,-4812.79,272544.66,134,1822.57,Enterprise,USD,Actual,-23508.01,-8.63,-1.97
TXN-00899,2024-01-14,Human Resources,102967.63,158735.07,-55767.44,161339.51,58,1775.3,Online,INR,Accrual,-2604.44,-1.61,-54.16
TXN-00900,2024-03-30,Procurement,159736.86,142502.19,17234.67,130486.91,73,2188.18,Partner,INR,Actual,12015.28,9.21,10.79
