Transaction_ID,Date,Department,Revenue,Expense,Profit,Budget,Transaction_Count,Avg_Transaction_Value,Channel,Currency,Accounting_Basis,Budget_Variance,Budget_Variance_Pct,Profit_Margin_Pct
TXN-00001,2024-01-01,Procurement,208695.081393,441468.352957,-232773.27,170033.153647,63,3312.62034,Partner,INR,Actual,271435.2,159.64,-111.54
TXN-00032,2024-01-02,Finance,181661.101091,112405.601002,69255.5,122486.695892,104,1746.741357,Enterprise,INR,Actual,-10081.09,-8.23,38.12
TXN-00061,2024-01-03,Customer Support,59379.820203,154593.670389,-95213.85,134515.862665,105,1851.470256,Partner,INR,Actual,20077.81,14.93,-160.35
TXN-00091,2024-01-04,Legal,121470.854346,115614.494645,5856.36,107113.742254,127,956.46342,Partner,INR,Accrual,8500.75,7.94,4.82
TXN-00121,2024-01-05,Customer Support,187025.717136,171358.503515,15667.21,137634.730461,38,4921.729398,Online,INR,Accrual,33723.77,24.5,8.38
TXN-00151,2024-01-06,Operations,450326.390502,285496.684968,164829.71,304125.914955,62,7263.328879,Enterprise,INR,Actual,-18629.23,-6.13,36.6
TXN-00181,2024-01-07,Procurement,226368.183694,132012.654209,94355.53,146905.835985,81,2794.668934,Partner,INR,Accrual,-14893.18,-10.14,41.68
TXN-00212,2024-01-08,Marketing,191807.742847,211011.620522,-19203.88,199787.92543,72,2663.996428,Enterprise,INR,Accrual,11223.7,5.62,-10.01
TXN-00242,2024-01-09,Procurement,190420.865249,134421.410385,55999.45,146723.296858,87,2188.745578,Partner,INR,Accrual,-12301.89,-8.38,29.41
TXN-00272,2024-01-10,Logistics,275605.323222,218974.271713,56631.05,215197.644627,62,4445.247149,Online,INR,Accrual,3776.63,1.75,20.55
TXN-00302,2024-01-11,Procurement,238905.9422,150401.146073,88504.8,159414.353358,99,2413.191335,Online,INR,Actual,-9013.21,-5.65,37.05
TXN-00332,2024-01-12,Logistics,295216.785316,219530.895201,75685.89,213640.068061,79,3736.921333,Online,INR,Actual,5890.83,2.76,25.64
TXN-00013,2024-01-13,Customer Support,163881.939506,130479.509909,33402.43,129077.039466,106,1546.056033,Enterprise,INR,Accrual,1402.47,1.09,20.38
TXN-00014,2024-01-14,Operations,513096.90879,314389.105402,198707.8,297173.565348,103,4981.523386,Direct,INR,Actual,17215.54,5.79,38.73
TXN-00015,2024-01-15,Sales,499761.370614,351015.096534,148746.27,314328.738837,82,6094.650861,Partner,INR,Actual,36686.36,11.67,29.76
TXN-00016,2024-01-16,Procurement,201256.093579,207362.628217,-6106.53,168722.405395,66,3049.334751,Online,INR,Actual,38640.22,22.9,-3.03
TXN-00017,2024-01-17,Procurement,257050.220845,156202.82761,100847.39,156559.756493,81,3173.459517,Direct,INR,Accrual,-356.93,-0.23,39.23
TXN-00018,2024-01-18,Marketing,263148.17707,194377.657307,68770.52,207810.99942,101,2605.427496,Enterprise,INR,Accrual,-13433.34,-6.46,26.13
TXN-00019,2024-01-19,Administration,181797.223542,123445.816493,58351.41,129211.419563,72,2524.961438,Online,INR,Actual,-5765.6,-4.46,32.1
TXN-00020,2024-01-20,R&D,358018.653676,282237.97736,75780.68,253135.902461,89,4022.681502,Enterprise,INR,Actual,29102.07,11.5,21.17
TXN-00021,2024-01-21,R&D,449533.551899,271143.208986,178390.34,264768.426256,73,6157.993862,Enterprise,INR,Accrual,6374.78,2.41,39.68
TXN-00022,2024-01-22,Customer Support,170806.779373,121455.982002,49350.8,142194.930802,110,1552.788903,Enterprise,INR,Accrual,-20738.95,-14.58,28.89
TXN-00023,2024-01-23,Procurement,183403.946781,163612.289183,19791.66,158357.280271,86,2132.604032,Direct,INR,Accrual,5255.01,3.32,10.79
TXN-00024,2024-01-24,Operations,435864.8492,315255.225436,120609.62,324361.566801,80,5448.310615,Direct,INR,Accrual,-9106.34,-2.81,27.67
TXN-00025,2024-01-25,IT,328625.778358,201042.220686,127583.56,192873.042062,105,3129.769318,Partner,INR,Actual,8169.18,4.24,38.82
TXN-00026,2024-01-26,Operations,491017.916393,360515.902253,130502.01,324545.034025,59,8322.337566,Partner,INR,Actual,35970.87,11.08,26.58
TXN-00027,2024-01-27,Sales,552518.969405,294913.906224,257605.06,338752.78215,77,7175.571031,Enterprise,INR,Actual,-43838.88,-12.94,46.62
TXN-00028,2024-01-28,Logistics,323350.126973,188980.920946,134369.21,222331.111048,86,3759.885197,Enterprise,INR,Actual,-33350.19,-15.0,41.56
TXN-00029,2024-01-29,Sales,575461.628737,263180.959691,312280.67,346450.20415,106,5428.88329,Direct,INR,Actual,-83269.24,-24.03,54.27
TXN-00030,2024-01-30,Logistics,324086.449266,233951.897397,90134.55,228470.810171,62,5227.200795,Online,INR,Accrual,5481.09,2.4,27.81
TXN-00031,2024-01-31,Administration,160156.774496,127652.435533,32504.34,129488.030759,74,2164.280736,Partner,INR,Accrual,-1835.6,-1.42,20.3
TXN-00002,2024-02-01,Legal,169159.21916,102322.614674,66836.6,103106.913135,103,1642.322516,Direct,INR,Actual,-784.3,-0.76,39.51
TXN-00033,2024-02-02,Sales,588354.522931,319409.604992,268944.92,313645.765657,88,6685.846851,Direct,INR,Actual,5763.84,1.84,45.71
TXN-00062,2024-02-03,Sales,636542.214637,338211.072763,298331.14,342129.33375,143,4451.344158,Online,INR,Actual,-3918.26,-1.15,46.87
TXN-00092,2024-02-04,Customer Support,170719.551042,147399.008332,23320.54,138170.425845,68,2510.581633,Enterprise,INR,Actual,9228.58,6.68,13.66
TXN-00122,2024-02-05,Legal,136899.703992,117786.790992,19112.91,104685.172323,103,1329.12334,Partner,INR,Actual,13101.62,12.52,13.96
TXN-00152,2024-02-06,Sales,555490.919355,410953.750425,144537.17,317727.49055,83,6692.661679,Direct,INR,Accrual,93226.26,29.34,26.02
TXN-00182,2024-02-07,Procurement,216201.453186,164346.686136,51854.77,152616.785828,85,2543.546508,Enterprise,INR,Actual,11729.9,7.69,23.98
TXN-00213,2024-02-08,Finance,155163.708332,114368.626796,40795.08,107530.856924,56,2770.780506,Partner,INR,Accrual,6837.77,6.36,26.29
TXN-00243,2024-02-09,Procurement,175801.526807,155006.284695,20795.24,148674.429177,83,2118.090684,Direct,INR,Accrual,6331.86,4.26,11.83
TXN-00273,2024-02-10,Operations,451961.780139,296971.496048,154990.28,282490.615343,90,5021.797557,Online,INR,Actual,14480.88,5.13,34.29
TXN-00303,2024-02-11,Administration,160582.110218,127233.715977,33348.39,119275.63604,106,1514.925568,Partner,INR,Actual,7958.08,6.67,20.77
TXN-00333,2024-02-12,Finance,193197.135557,107864.250093,85332.89,116269.973613,98,1971.399342,Enterprise,INR,Accrual,-8405.72,-7.23,44.17
TXN-00044,2024-02-13,Administration,182627.639039,110219.712194,72407.93,130331.09475,121,1509.319331,Partner,INR,Actual,-20111.38,-15.43,39.65
TXN-00045,2024-02-14,Logistics,258340.496645,586098.805815,-327758.31,229471.128741,76,3399.217061,Enterprise,INR,Actual,356627.68,155.41,-126.87
TXN-00046,2024-02-15,Sales,639960.861262,325883.435192,314077.43,367622.028766,98,6530.21287,Partner,INR,Accrual,-41738.59,-11.35,49.08
TXN-00047,2024-02-16,Operations,476930.155307,312363.041506,164567.11,333382.577635,109,4375.506012,Online,INR,Accrual,-21019.54,-6.3,34.51
TXN-00048,2024-02-17,Administration,179986.878208,112910.096847,67076.78,131974.399729,49,3673.201596,Direct,INR,Actual,-19064.3,-14.45,37.27
TXN-00049,2024-02-18,Logistics,286381.268405,263023.522892,23357.75,214656.186682,76,3768.174584,Direct,INR,Accrual,48367.34,22.53,8.16
TXN-00050,2024-02-19,R&D,362368.164167,256534.34826,105833.82,308275.5677,101,3587.803606,Partner,INR,Accrual,-51741.22,-16.78,29.21
TXN-00051,2024-02-20,IT,290471.02498,247983.701771,42487.32,201588.475439,107,2714.682476,Online,INR,Actual,46395.23,23.01,14.63
TXN-00052,2024-02-21,Administration,154565.321538,132373.083959,22192.24,126664.243362,98,1577.197159,Direct,INR,Accrual,5708.84,4.51,14.36
TXN-00053,2024-02-22,IT,291599.265929,208232.587117,83366.68,207987.126403,114,2557.888298,Online,INR,Accrual,245.46,0.12,28.59
TXN-00054,2024-02-23,Marketing,249411.323092,232457.333429,16953.99,233883.726905,98,2545.013501,Online,INR,Accrual,-1426.39,-0.61,6.8
TXN-00055,2024-02-24,Customer Support,194802.214115,150423.428383,44378.79,145056.272049,98,1987.777695,Online,INR,Actual,5367.16,3.7,22.78
TXN-00056,2024-02-25,Finance,238883.381553,121055.527736,117827.85,122251.529701,105,2275.079824,Enterprise,INR,Accrual,-1196.0,-0.98,49.32
TXN-00057,2024-02-26,Legal,148131.430528,99514.187445,48617.24,98029.278126,100,1481.314305,Direct,INR,Accrual,1484.91,1.51,32.82
TXN-00058,2024-02-27,Marketing,275073.450763,232144.285606,42929.17,239921.747813,0,1481.314305,Direct,INR,Actual,-7777.46,-3.24,15.61
TXN-00059,2024-02-28,Legal,149439.022952,110979.750685,38459.27,110436.905931,70,2134.843185,Online,INR,Accrual,542.84,0.49,25.74
TXN-00060,2024-02-29,Finance,188752.063243,116230.440783,72521.62,114064.748156,87,2169.563945,Partner,INR,Accrual,2165.69,1.9,38.42
TXN-00003,2024-03-01,Marketing,279633.8515,223010.078412,56623.77,203029.496091,85,3289.810018,Partner,INR,Accrual,19980.58,9.84,20.25
TXN-00034,2024-03-02,R&D,340626.771534,253538.241604,87088.53,279674.045621,84,4055.080613,Enterprise,INR,Actual,-26135.8,-9.35,25.57
TXN-00063,2024-03-03,Finance,208961.823491,116632.219604,92329.6,126514.270751,119,1755.98171,Online,INR,Actual,-9882.05,-7.81,44.18
TXN-00093,2024-03-04,Legal,132119.945181,111496.078266,20623.87,101305.244662,70,1887.427788,Online,INR,Accrual,10190.83,10.06,15.61
TXN-00123,2024-03-05,IT,291957.308406,195665.035818,96292.27,205475.725594,99,2949.063721,Direct,INR,Actual,-9810.69,-4.77,32.98
TXN-00153,2024-03-06,IT,278331.673344,177546.775183,100784.9,197315.886692,98,2840.119116,Online,INR,Actual,-19769.11,-10.02,36.21
TXN-00183,2024-03-07,IT,289918.316218,195381.151414,94537.16,185883.519245,78,3716.90149,Direct,INR,Accrual,9497.63,5.11,32.61
TXN-00214,2024-03-08,Logistics,267432.665245,239827.730442,27604.93,189801.576383,74,3613.954936,Online,INR,Accrual,50026.15,26.36,10.32
TXN-00244,2024-03-09,Finance,227509.805345,119191.451282,108318.35,101597.442077,101,2252.57233,Online,INR,Actual,17594.01,17.32,47.61
TXN-00274,2024-03-10,Marketing,241842.284182,181972.869583,59869.41,221602.231645,77,3140.808885,Direct,INR,Accrual,-39629.36,-17.88,24.76
TXN-00304,2024-03-11,Operations,478902.38844,323961.44706,154940.94,339415.654162,60,7981.706474,Partner,INR,Actual,-15454.21,-4.55,32.35
TXN-00334,2024-03-12,Operations,544427.497074,359832.746885,184594.75,353387.395766,96,5671.119761,Partner,INR,Actual,6445.35,1.82,33.91
TXN-00073,2024-03-13,Administration,170818.365046,120972.003541,49846.36,139425.850141,125,1366.54692,Direct,INR,Actual,-18453.85,-13.24,29.18
TXN-00074,2024-03-14,Sales,610935.087606,389610.908531,221324.18,372158.948528,117,5221.667415,Online,INR,Actual,17451.96,4.69,36.23
TXN-00075,2024-03-15,Administration,155082.862556,127062.136966,28020.73,126363.960088,93,1667.557662,Enterprise,INR,Accrual,698.18,0.55,18.07
TXN-00076,2024-03-17,Administration,152592.63288,121247.238029,31345.39,139674.421868,87,1753.938309,Enterprise,INR,Actual,-18427.18,-13.19,20.54
TXN-00077,2024-03-18,Operations,577161.7303,296192.891574,280968.84,326362.878115,82,7038.557687,Online,INR,Actual,-30169.99,-9.24,48.68
TXN-00078,2024-03-19,R&D,421882.10488,312813.423231,109068.68,310910.225286,82,5144.903718,Online,INR,Actual,1903.2,0.61,25.85
TXN-00079,2024-03-20,Procurement,272956.209224,168241.555283,104714.65,174604.52657,73,3739.126154,Partner,INR,Actual,-6362.97,-3.64,38.36
TXN-00080,2024-03-21,Sales,678600.086842,346834.781775,331765.31,345652.700112,107,6342.056886,Online,INR,Actual,1182.08,0.34,48.89
TXN-00081,2024-03-22,Procurement,243708.248854,180108.925564,63599.32,189288.002475,85,2867.155869,Online,INR,Actual,-9179.08,-4.85,26.1
TXN-00082,2024-03-23,IT,340953.563247,202817.19615,138136.37,206021.569,109,3128.014342,Online,INR,Accrual,-3204.37,-1.56,40.51
TXN-00083,2024-03-24,Sales,595537.538472,367409.798219,228127.74,335556.540835,104,5726.322485,Enterprise,INR,Actual,31853.26,9.49,38.31
TXN-00084,2024-03-25,Customer Support,224501.359554,141473.543327,83027.82,140955.806586,77,2915.602072,Partner,INR,Actual,517.74,0.37,36.98
TXN-00085,2024-03-26,Marketing,299455.315475,263798.587422,35656.73,240109.88409,80,3743.191443,Enterprise,INR,Actual,23688.7,9.87,11.91
TXN-00086,2024-03-27,Procurement,262143.184433,186072.277422,76070.91,181305.298132,109,2404.983343,Partner,INR,Actual,4766.98,2.63,29.02
TXN-00087,2024-03-28,Operations,497234.938754,341453.01488,155781.92,345811.820313,99,5022.575139,Partner,INR,Actual,-4358.81,-1.26,31.33
TXN-00088,2024-03-29,Marketing,361851.057949,242360.287004,119490.77,248836.997528,45,8041.134621,Enterprise,INR,Accrual,-6476.71,-2.6,33.02
TXN-00089,2024-03-30,Procurement,288110.369459,179388.654345,108721.72,184088.252742,106,2718.022353,Online,INR,Accrual,-4699.6,-2.55,37.74
TXN-00090,2024-03-31,Human Resources,134165.173244,105674.162883,28491.01,101963.278258,84,1597.204443,Online,INR,Accrual,3710.88,3.64,21.24
TXN-00004,2024-04-01,Administration,151062.795717,123317.069926,27745.73,118603.568795,71,2127.64501,Enterprise,INR,Accrual,4713.5,3.97,18.37
TXN-00035,2024-04-02,Finance,214873.291318,136941.984235,77931.31,107945.273434,60,3581.221522,Direct,INR,Accrual,28996.71,26.86,36.27
TXN-00064,2024-04-03,Finance,225112.472079,130607.899937,94504.57,112620.927714,123,1830.1827,Online,INR,Actual,17986.97,15.97,41.98
TXN-00094,2024-04-04,Sales,551705.078892,286727.576156,264977.5,369749.256009,94,5869.202967,Online,INR,Accrual,-83021.68,-22.45,48.03
TXN-00124,2024-04-05,Customer Support,160231.760436,170608.369515,-10376.61,126344.973872,87,1841.744373,Enterprise,INR,Actual,44263.4,35.03,-6.48
TXN-00154,2024-04-06,Finance,222570.985701,115711.745968,106859.24,114068.807443,94,2367.776444,Direct,INR,Accrual,1642.94,1.44,48.01
TXN-00184,2024-04-07,Sales,534901.076693,297249.56062,237651.52,320761.777646,119,4494.967031,Enterprise,INR,Actual,-23512.22,-7.33,44.43
TXN-00215,2024-04-08,Customer Support,193933.999156,132486.02506,61447.97,116188.328292,100,1939.339992,Online,INR,Actual,16297.7,14.03,31.68
TXN-00245,2024-04-09,R&D,361918.674095,294072.223133,67846.45,244806.082091,65,5567.979601,Online,INR,Actual,49266.14,20.12,18.75
TXN-00275,2024-04-10,Administration,159245.505576,120506.543558,38738.96,115030.347409,67,2376.798591,Online,INR,Actual,5476.2,4.76,24.33
TXN-00305,2024-04-11,Legal,138579.100054,85160.316426,53418.78,96636.956033,103,1345.428156,Online,INR,Accrual,-11476.64,-11.88,38.55
TXN-00335,2024-04-12,Sales,602826.40327,322474.259898,280352.14,336550.070272,76,7931.926359,Partner,INR,Accrual,-14075.81,-4.18,46.51
TXN-00103,2024-04-13,R&D,422932.24997,285080.340044,137851.91,297637.853678,84,5034.907738,Direct,INR,Actual,-12557.51,-4.22,32.59
TXN-00104,2024-04-14,R&D,334489.352905,283333.563661,51155.79,276444.008328,80,4181.116911,Partner,INR,Accrual,6889.56,2.49,15.29
TXN-00105,2024-04-15,Human Resources,146357.05612,102687.16141,43669.89,93331.571715,84,1742.345906,Direct,INR,Actual,9355.59,10.02,29.84
TXN-00106,2024-04-16,R&D,412493.722526,300535.70308,111958.02,291803.446464,117,3525.587372,Online,INR,Accrual,8732.26,2.99,27.14
TXN-00107,2024-04-17,IT,319517.173642,195649.367668,123867.81,211559.528266,55,5809.403157,Partner,INR,Actual,-15910.16,-7.52,38.77
TXN-00108,2024-04-18,Logistics,317164.24733,226698.085876,90466.16,231321.335763,87,3645.566061,Partner,INR,Accrual,-4623.25,-2.0,28.52
TXN-00109,2024-04-19,Legal,123314.181793,119795.979973,3518.2,106345.353143,120,1027.618182,Direct,INR,Actual,13450.63,12.65,2.85
TXN-00110,2024-04-20,Customer Support,233853.260282,133570.941302,100282.32,145101.959659,98,2386.257758,Online,INR,Actual,-11531.02,-7.95,42.88
TXN-00111,2024-04-21,Legal,186299.489064,101525.789094,84773.7,112249.212938,74,2517.560663,Online,INR,Accrual,-10723.42,-9.55,45.5
TXN-00112,2024-04-22,Legal,170580.476292,108076.595963,62503.88,108515.430764,82,2080.249711,Enterprise,INR,Actual,-438.83,-0.4,36.64
TXN-00113,2024-04-23,Customer Support,202450.86309,150278.827432,52172.04,147914.400744,77,2629.231988,Partner,INR,Actual,2364.43,1.6,25.77
TXN-00114,2024-04-24,Logistics,331127.812253,225922.000065,105205.81,234835.197897,95,3485.555918,Direct,INR,Accrual,-8913.2,-3.8,31.77
TXN-00115,2024-04-25,Customer Support,156673.877452,128994.067773,27679.81,140401.342236,103,1521.105606,Partner,INR,Actual,-11407.27,-8.12,17.67
TXN-00116,2024-04-26,R&D,363615.001676,263552.737067,100062.26,295385.960818,55,6611.181849,Online,INR,Accrual,-31833.22,-10.78,27.52
TXN-00117,2024-04-27,Customer Support,175944.781754,145037.425169,30907.36,151286.352732,58,3033.53072,Enterprise,INR,Accrual,-6248.93,-4.13,17.57
TXN-00118,2024-04-28,Sales,659441.897,382487.100679,276954.8,366831.690285,86,7667.929035,Direct,INR,Actual,15655.41,4.27,42.0
TXN-00119,2024-04-29,Sales,648305.74577,374266.345428,274039.4,330730.413628,96,6753.184852,Online,INR,Actual,43535.93,13.16,42.27
TXN-00120,2024-04-30,Logistics,289378.560509,254741.794497,34636.77,217575.910961,75,3858.380807,Enterprise,INR,Actual,37165.88,17.08,11.97
TXN-00005,2024-05-01,R&D,372539.940946,260989.873184,111550.07,258970.545614,74,5034.323526,Enterprise,INR,Accrual,2019.33,0.78,29.94
TXN-00036,2024-05-02,Operations,437833.456916,329634.357754,108199.1,351414.354789,92,4759.059314,Partner,INR,Accrual,-21780.0,-6.2,24.71
TXN-00065,2024-05-03,R&D,471897.969789,303249.856926,168648.11,314332.292446,101,4672.257127,Online,INR,Actual,-11082.44,-3.53,35.74
TXN-00095,2024-05-04,Logistics,311070.920072,230956.254833,80114.67,241104.347902,72,4320.429445,Direct,INR,Actual,-10148.09,-4.21,25.75
TXN-00125,2024-05-05,Administration,185379.881756,133850.720901,51529.16,123459.356907,73,2539.450435,Enterprise,INR,Accrual,10391.36,8.42,27.8
TXN-00155,2024-05-06,Marketing,265708.711261,208576.158201,57132.55,232205.424944,88,3019.417173,Enterprise,INR,Accrual,-23629.27,-10.18,21.5
TXN-00185,2024-05-07,Administration,149702.414337,96822.409679,52880.0,121316.822538,75,1996.032191,Direct,INR,Accrual,-24494.41,-20.19,35.32
TXN-00216,2024-05-08,Sales,577118.683661,291910.480373,285208.2,322202.80157,117,4932.638322,Direct,INR,Accrual,-30292.32,-9.4,49.42
TXN-00246,2024-05-09,Human Resources,109209.969735,98316.281391,10893.69,90332.282684,81,1348.271231,Enterprise,INR,Actual,7984.0,8.84,9.97
TXN-00276,2024-05-10,Sales,419454.631317,311302.085307,108152.55,293032.326908,71,5907.811709,Enterprise,INR,Accrual,18269.76,6.23,25.78
TXN-00306,2024-05-11,IT,309334.26379,156473.851563,152860.41,213747.472102,70,4419.060911,Enterprise,INR,Accrual,-57273.62,-26.79,49.42
TXN-00336,2024-05-12,R&D,398983.247145,314083.277188,84899.97,277263.51103,78,5115.169835,Partner,INR,Actual,36819.77,13.28,21.28
TXN-00133,2024-05-13,Customer Support,158329.702137,146255.23158,12074.47,142016.673431,128,1236.950798,Online,INR,Accrual,4238.56,2.98,7.63
TXN-00134,2024-05-14,Operations,574240.14074,319252.967726,254987.17,320926.530969,89,6452.136413,Partner,INR,Actual,-1673.56,-0.52,44.4
TXN-00135,2024-05-15,Finance,171885.621088,107617.193816,64268.43,118080.010069,78,2203.661809,Enterprise,INR,Accrual,-10462.82,-8.86,37.39
TXN-00136,2024-05-16,Marketing,283916.588835,225642.489804,58274.1,232829.618693,103,2756.471736,Partner,INR,Accrual,-7187.13,-3.09,20.53
TXN-00137,2024-05-17,Procurement,233288.085037,168508.476068,64779.61,161727.757823,63,3702.985477,Direct,INR,Actual,6780.72,4.19,27.77
TXN-00138,2024-05-18,Customer Support,200883.335484,146632.01859,54251.32,144810.569549,92,2183.514516,Enterprise,INR,Accrual,1821.45,1.26,27.01
TXN-00139,2024-05-19,IT,321231.320027,190148.667776,131082.65,203246.251891,89,3609.340674,Online,INR,Actual,-13097.58,-6.44,40.81
TXN-00140,2024-05-20,IT,307501.105013,180014.559456,127486.55,222349.539059,116,2650.871595,Partner,INR,Actual,-42334.98,-19.04,41.46
TXN-00141,2024-05-21,Human Resources,146149.409707,94705.095754,51444.31,96958.498598,106,1378.768016,Online,INR,Accrual,-2253.4,-2.32,35.2
TXN-00142,2024-05-22,IT,309123.120059,213359.115276,95764.0,218174.867504,83,3724.37494,Enterprise,INR,Actual,-4815.75,-2.21,30.98
TXN-00143,2024-05-23,Logistics,317517.023848,226733.243738,90783.78,224901.892852,83,3825.506311,Online,INR,Accrual,1831.35,0.81,28.59
TXN-00144,2024-05-24,R&D,337407.178185,348027.373348,-10620.2,275558.882031,97,3478.424517,Direct,INR,Accrual,72468.49,26.3,-3.15
TXN-00145,2024-05-25,Legal,129159.255795,102701.074048,26458.18,111492.747878,104,1241.915921,Direct,INR,Accrual,-8791.67,-7.89,20.48
TXN-00146,2024-05-26,IT,371377.613521,209469.289726,161908.32,195107.713883,109,3407.134069,Online,INR,Actual,14361.58,7.36,43.6
TXN-00147,2024-05-27,Operations,452821.421929,347176.827959,105644.59,305191.288861,89,5087.881145,Enterprise,INR,Actual,41985.54,13.76,23.33
TXN-00148,2024-05-28,R&D,426308.209419,368010.155153,58298.05,302574.202102,81,5263.064314,Online,INR,Accrual,65435.95,21.63,13.68
TXN-00149,2024-05-29,Logistics,256878.746253,207108.052598,49770.69,243013.257202,80,3210.984328,Enterprise,INR,Actual,-35905.2,-14.77,19.38
TXN-00150,2024-05-30,Legal,162052.364616,110515.940868,51536.42,104549.793334,53,3057.591785,Partner,INR,Accrual,5966.15,5.71,31.8
TXN-00006,2024-06-01,Administration,153239.882616,120814.463928,32425.42,111949.956404,65,2357.536656,Direct,INR,Actual,8864.51,7.92,21.16
TXN-00037,2024-06-02,IT,433894.694025,210827.472784,223067.22,208805.534022,96,4519.736396,Partner,INR,Accrual,2021.94,0.97,51.41
TXN-00066,2024-06-03,Operations,508363.574611,345031.157203,163332.42,314436.189659,75,6778.180995,Direct,INR,Actual,30594.97,9.73,32.13
TXN-00096,2024-06-04,Sales,596447.885218,375763.234192,220684.65,361871.90742,73,8170.518976,Online,INR,Accrual,13891.33,3.84,37.0
TXN-00126,2024-06-05,Procurement,219023.442568,213474.519177,5548.92,167125.281739,94,2330.036623,Online,INR,Actual,46349.24,27.73,2.53
TXN-00156,2024-06-06,Customer Support,217721.16385,140244.764261,77476.4,137243.020803,108,2015.936702,Online,INR,Accrual,3001.74,2.19,35.59
TXN-00186,2024-06-07,Human Resources,146504.212918,79912.72924,66591.48,86136.543582,45,3255.649176,Partner,INR,Actual,-6223.81,-7.23,45.45
TXN-00217,2024-06-08,Legal,123611.163241,88817.708241,34793.46,86718.648871,98,1261.3384,Online,INR,Actual,2099.06,2.42,28.15
TXN-00247,2024-06-09,IT,312356.256961,161444.497915,150911.76,191075.845705,80,3904.453212,Direct,INR,Accrual,-29631.35,-15.51,48.31
TXN-00277,2024-06-10,Sales,490303.814687,308394.268342,181909.55,287554.308566,99,4952.563785,Partner,INR,Accrual,20839.96,7.25,37.1
TXN-00307,2024-06-11,Logistics,300608.553046,208387.599337,92220.95,215485.644538,114,2636.917132,Direct,INR,Actual,-7098.05,-3.29,30.68
TXN-00337,2024-06-12,IT,352960.724457,215803.864726,137156.86,224955.687133,98,3601.640045,Online,INR,Actual,-9151.82,-4.07,38.86
TXN-00163,2024-06-13,Marketing,210841.609876,236966.131102,-26124.52,235280.549441,65,3243.717075,Direct,INR,Accrual,1685.58,0.72,-12.39
TXN-00164,2024-06-14,Legal,108402.905639,101166.174822,7236.73,107474.320963,104,1042.335631,Partner,INR,Actual,-6308.15,-5.87,6.68
TXN-00165,2024-06-15,Procurement,287922.417412,154578.923368,133343.49,157909.82872,70,4113.177392,Partner,INR,Actual,-3330.91,-2.11,46.31
TXN-00166,2024-06-16,Human Resources,124406.765863,88007.049963,36399.72,89264.397502,99,1256.633999,Direct,INR,Accrual,-1257.35,-1.41,29.26
TXN-00167,2024-06-17,Marketing,248823.149529,207365.014777,41458.13,205921.423813,50,4976.462991,Enterprise,INR,Accrual,1443.59,0.7,16.66
TXN-00168,2024-06-18,Administration,140710.035171,128049.230191,12660.8,131115.3683,57,2468.597108,Partner,INR,Accrual,-3066.14,-2.34,9.0
TXN-00169,2024-06-19,Customer Support,226763.336686,124673.610508,102089.73,125299.110842,87,2606.475134,Online,INR,Actual,-625.5,-0.5,45.02
TXN-00170,2024-06-20,Logistics,79895.366142,214634.727502,-134739.36,201031.761914,75,4153.757373,Direct,INR,Actual,13602.97,6.77,-168.64
TXN-00171,2024-06-21,Customer Support,171399.764322,130448.758623,40951.01,142377.784733,110,1558.179676,Direct,INR,Actual,-11929.03,-8.38,23.89
TXN-00172,2024-06-22,Customer Support,170179.06332,131446.684728,38732.38,135087.153706,102,1668.422189,Online,INR,Actual,-3640.47,-2.69,22.76
TXN-00173,2024-06-23,R&D,433174.757765,324007.99492,109166.76,257634.804752,78,5553.522535,Enterprise,INR,Actual,66373.19,25.76,25.2
TXN-00174,2024-06-24,R&D,393507.77789,274035.386579,119472.39,294784.244844,81,4858.120715,Partner,INR,Actual,-20748.86,-7.04,30.36
TXN-00175,2024-06-25,Marketing,231584.434989,198952.18275,32632.25,214225.125717,84,2756.957559,Direct,INR,Actual,-15272.94,-7.13,14.09
TXN-00176,2024-06-26,Administration,190478.349862,122519.970297,67958.38,129981.7434,103,1849.304368,Partner,INR,Accrual,-7461.77,-5.74,35.68
TXN-00177,2024-06-27,Customer Support,193207.509496,156693.959534,36513.55,127753.544232,89,2170.870893,Enterprise,INR,Accrual,28940.42,22.65,18.9
TXN-00178,2024-06-28,Sales,569347.566084,321410.062232,247937.5,320461.296148,80,7116.844576,Online,INR,Actual,948.77,0.3,43.55
TXN-00179,2024-06-29,IT,352507.157122,231669.649667,120837.51,209998.210941,81,4351.940211,Partner,INR,Actual,21671.44,10.32,34.28
TXN-00180,2024-06-30,Procurement,226454.646277,170267.631664,56187.01,173463.721128,77,2940.969432,Online,INR,Accrual,-3196.09,-1.84,24.81
TXN-00007,2024-07-01,Human Resources,133618.802398,88880.860071,44737.94,93564.430372,90,1484.65336,Online,INR,Actual,-4683.57,-5.01,33.48
TXN-00038,2024-07-02,Finance,181846.669006,115450.354932,66396.31,111494.553418,88,2066.439421,Direct,INR,Actual,3955.8,3.55,36.51
TXN-00067,2024-07-03,Logistics,316515.455402,207536.228545,108979.23,220861.578324,104,3043.41784,Direct,INR,Accrual,-13325.35,-6.03,34.43
TXN-00097,2024-07-04,Customer Support,242091.646372,136517.430246,105574.22,137444.553917,114,2123.610933,Direct,INR,Actual,-927.12,-0.67,43.61
TXN-00127,2024-07-05,R&D,408095.073549,269317.21677,138777.86,289769.654048,81,5038.210785,Direct,INR,Actual,-20452.44,-7.06,34.01
TXN-00157,2024-07-06,Operations,519273.788054,347068.393343,172205.39,293681.42101,79,6573.085925,Enterprise,INR,Actual,53386.97,18.18,33.16
TXN-00187,2024-07-07,Legal,147156.282232,108158.877371,38997.4,92637.996549,96,1532.87794,Enterprise,INR,Actual,15520.88,16.75,26.5
TXN-00218,2024-07-08,Procurement,207456.556625,144012.000379,63444.56,142301.339853,75,2766.087422,Online,INR,Actual,1710.66,1.2,30.58
TXN-00248,2024-07-09,Marketing,217986.480521,238696.776822,-20710.3,204195.906557,92,2369.418267,Enterprise,INR,Accrual,34500.87,16.9,-9.5
TXN-00278,2024-07-10,Finance,203910.5707,97874.441311,106036.13,101780.018729,108,1888.06084,Partner,INR,Accrual,-3905.58,-3.84,52.0
TXN-00308,2024-07-11,Operations,148220.134396,302705.511741,-154485.38,310514.497826,78,5540.770315,Enterprise,INR,Accrual,-7808.99,-2.51,-104.23
TXN-00338,2024-07-12,Marketing,310729.997605,253645.426216,57084.57,215995.016875,91,3414.615358,Partner,INR,Actual,37650.41,17.43,18.37
TXN-00193,2024-07-13,Customer Support,164831.739918,106911.369984,57920.37,116827.227364,81,2034.959752,Direct,INR,Actual,-9915.86,-8.49,35.14
TXN-00194,2024-07-14,Operations,407093.239433,333609.924827,73483.31,321782.609129,65,6262.972914,Direct,INR,Actual,11827.32,3.68,18.05
TXN-00195,2024-07-15,Customer Support,189461.162485,136845.939672,52615.22,119628.848474,87,2177.714511,Partner,INR,Accrual,17217.09,14.39,27.77
TXN-00196,2024-07-16,Operations,398351.292704,348562.245138,49789.05,307356.8686,100,3983.512927,Enterprise,INR,Accrual,41205.38,13.41,12.5
TXN-00197,2024-07-17,Administration,153230.244093,108825.486069,44404.76,123889.941946,60,2553.837402,Direct,INR,Actual,-15064.46,-12.16,28.98
TXN-00198,2024-07-18,Logistics,254535.729147,227555.232552,26980.5,198190.472308,96,2651.413845,Partner,INR,Accrual,29364.76,14.82,10.6
TXN-00199,2024-07-19,Sales,539475.053575,340872.97287,198602.08,320784.020365,57,9464.474624,Enterprise,INR,Accrual,20088.95,6.26,36.81
TXN-00200,2024-07-20,Customer Support,188283.612221,137678.233986,50605.38,123758.027571,96,1961.287627,Partner,INR,Actual,13920.21,11.25,26.88
TXN-00201,2024-07-21,Procurement,227833.206977,188232.792658,39600.41,160014.788516,83,2744.978397,Partner,INR,Actual,28218.0,17.63,17.38
TXN-00202,2024-07-22,Administration,177183.192175,113110.767987,64072.42,108710.048972,88,2013.445366,Partner,INR,Accrual,4400.72,4.05,36.16
TXN-00203,2024-07-23,R&D,344783.874312,274753.934092,70029.94,284598.69289,66,5223.998096,Partner,INR,Actual,-9844.76,-3.46,20.31
TXN-00204,2024-07-24,Procurement,202658.822604,165060.239994,37598.58,157542.460869,49,4135.894339,Enterprise,INR,Accrual,7517.78,4.77,18.55
TXN-00205,2024-07-25,Finance,174234.865251,108926.8774,65307.99,98846.52181,80,2177.935816,Direct,INR,Actual,10080.36,10.2,37.48
TXN-00206,2024-07-26,Logistics,241273.39941,199841.135746,41432.26,203578.199109,113,2135.162827,Enterprise,INR,Accrual,-3737.06,-1.84,17.17
TXN-00207,2024-07-27,Human Resources,166718.128505,94575.830807,72142.3,91869.817988,77,2165.1705,Direct,INR,Accrual,2706.01,2.95,43.27
TXN-00208,2024-07-28,Human Resources,123199.600651,79162.002824,44037.6,93049.357383,74,1664.859468,Direct,INR,Actual,-13887.35,-14.92,35.74
TXN-00209,2024-07-29,Administration,142931.444381,95418.943264,47512.5,123504.218475,98,1458.484126,Enterprise,INR,Accrual,-28085.28,-22.74,33.24
TXN-00210,2024-07-30,Procurement,199274.583489,139494.812417,59779.77,158340.292956,110,1811.587123,Online,INR,Actual,-18845.48,-11.9,30.0
TXN-00211,2024-07-31,Operations,371804.110772,304562.238487,67241.87,324096.300867,98,3793.919498,Online,INR,Accrual,-19534.06,-6.03,18.09
TXN-00008,2024-08-01,Marketing,238072.94177,225432.808314,12640.13,235960.413133,100,2380.729418,Enterprise,INR,Accrual,-10527.6,-4.46,5.31
TXN-00039,2024-08-02,Administration,173161.949533,125794.012877,47367.94,136013.913347,76,2278.446704,Online,INR,Accrual,-10219.9,-7.51,27.35
TXN-00068,2024-08-03,Sales,599482.503861,328744.64038,270737.86,325739.366592,109,5499.839485,Online,INR,Accrual,3005.27,0.92,45.16
TXN-00098,2024-08-04,Customer Support,186296.063067,145587.278165,40708.78,148176.118681,70,2661.37233,Partner,INR,Actual,-2588.84,-1.75,21.85
TXN-00128,2024-08-05,Operations,428937.759307,292939.64233,135998.12,341503.882201,61,7031.766546,Online,INR,Accrual,-48564.24,-14.22,31.71
TXN-00158,2024-08-06,Sales,554957.018284,335126.397042,219830.62,348775.141225,62,8950.91965,Direct,INR,Actual,-13648.74,-3.91,39.61
TXN-00188,2024-08-07,Legal,130284.538306,81432.244874,48852.29,93398.971994,74,1760.601869,Direct,INR,Actual,-11966.73,-12.81,37.5
TXN-00219,2024-08-08,Finance,193937.257573,106494.078941,87443.18,102476.904685,47,4126.324629,Enterprise,INR,Accrual,4017.17,3.92,45.09
TXN-00249,2024-08-09,Administration,167274.035726,119737.970961,47536.06,106553.257008,56,2987.036352,Partner,INR,Accrual,13184.71,12.37,28.42
TXN-00279,2024-08-10,Finance,162476.635545,110446.092963,52030.54,99751.061421,90,1805.29595,Enterprise,INR,Accrual,10695.03,10.72,32.02
TXN-00309,2024-08-11,R&D,364672.802144,268656.541319,96016.26,263194.013831,91,4007.39343,Enterprise,INR,Accrual,5462.53,2.08,26.33
TXN-00339,2024-08-12,Marketing,245182.651878,191327.763594,53854.89,248541.43388,45,5448.503375,Direct,INR,Actual,-57213.67,-23.02,21.97
TXN-00224,2024-08-13,Administration,131705.773878,116783.328103,14922.45,109943.632648,64,2057.902717,Online,INR,Actual,6839.7,6.22,11.33
TXN-00225,2024-08-14,R&D,356011.551278,266013.963191,89997.59,258848.113431,95,3747.490013,Online,INR,Accrual,7165.85,2.77,25.28
TXN-00226,2024-08-16,Human Resources,122518.937478,97441.411117,25077.53,92400.965186,95,1289.673026,Online,INR,Actual,5040.45,5.45,20.47
TXN-00227,2024-08-17,Finance,171836.660194,112712.402677,59124.26,100129.339989,60,2863.944337,Online,INR,Accrual,12583.06,12.57,34.41
TXN-00228,2024-08-18,Logistics,310163.804786,233313.473112,76850.33,198519.212873,69,4495.127606,Online,INR,Actual,34794.26,17.53,24.78
TXN-00229,2024-08-19,Sales,413599.257972,358493.606041,55105.65,282006.441437,63,6565.067587,Direct,INR,Accrual,76487.16,27.12,13.32
TXN-00230,2024-08-20,Marketing,264649.241913,169220.85162,95428.39,219231.815641,72,3675.683915,Enterprise,INR,Accrual,-50010.96,-22.81,36.06
TXN-00231,2024-08-21,Operations,360523.668582,300668.882047,59854.79,294973.79419,103,3500.229792,Direct,INR,Accrual,5695.09,1.93,16.6
TXN-00232,2024-08-22,Administration,119012.419713,121558.947605,-2546.53,108873.522956,90,1322.360219,Partner,INR,Actual,12685.42,11.65,-2.14
TXN-00233,2024-08-23,Human Resources,116290.276614,93417.027992,22873.25,83212.709198,54,2153.523641,Enterprise,INR,Accrual,10204.32,12.26,19.67
TXN-00234,2024-08-24,Legal,127168.315225,94338.514572,32829.8,95064.340895,98,1297.63587,Direct,INR,Accrual,-725.83,-0.76,25.82
TXN-00235,2024-08-25,Marketing,265187.264226,206286.708419,58900.56,218253.55548,65,4079.804065,Enterprise,INR,Accrual,-11966.85,-5.48,22.21
TXN-00236,2024-08-26,Procurement,208905.526723,180924.451638,27981.08,143583.710606,89,2347.253109,Direct,INR,Actual,37340.74,26.01,13.39
TXN-00237,2024-08-27,Logistics,272922.104233,217772.33186,55149.77,189319.024544,76,3591.080319,Online,INR,Accrual,28453.31,15.03,20.21
TXN-00238,2024-08-28,Legal,144296.808838,118170.190891,26126.62,98387.082807,92,1568.443574,Partner,INR,Accrual,19783.11,20.11,18.11
TXN-00239,2024-08-29,Customer Support,188701.837193,120380.81232,68321.02,131601.758849,62,3043.578019,Online,INR,Accrual,-11220.95,-8.53,36.21
TXN-00240,2024-08-30,Marketing,240120.750625,221229.645793,18891.1,213559.799413,93,2581.943555,Online,INR,Accrual,7669.85,3.59,7.87
TXN-00241,2024-08-31,Finance,163939.242909,126102.80856,37836.43,105403.549558,94,1744.034499,Direct,INR,Actual,20699.26,19.64,23.08
TXN-00009,2024-09-01,Procurement,233957.67105,163580.69705,70376.97,172202.482072,89,2628.737877,Enterprise,INR,Accrual,-8621.79,-5.01,30.08
TXN-00040,2024-09-02,Procurement,249991.290983,169022.24406,80969.05,167244.741056,53,4716.816811,Direct,INR,Actual,1777.5,1.06,32.39
TXN-00069,2024-09-03,Operations,437327.541317,364122.404167,73205.14,328678.02207,56,7809.420381,Direct,INR,Accrual,35444.38,10.78,16.74
TXN-00099,2024-09-04,Administration,166438.237956,118594.990987,47843.25,129919.896906,70,2377.689114,Online,INR,Accrual,-11324.91,-8.72,28.75
TXN-00129,2024-09-05,Legal,149503.36556,90814.026271,58689.34,98641.231892,72,2076.435633,Direct,INR,Accrual,-7827.21,-7.94,39.26
TXN-00159,2024-09-06,IT,291686.945294,211931.465461,79755.48,188164.816357,109,2676.027021,Partner,INR,Accrual,23766.65,12.63,27.34
TXN-00189,2024-09-07,Marketing,232283.843008,242130.961155,-9847.12,225022.690084,94,2471.104713,Direct,INR,Actual,17108.27,7.6,-4.24
TXN-00220,2024-09-08,Human Resources,158307.166358,82858.828829,75448.34,84093.52551,94,1684.118791,Partner,INR,Accrual,-1234.7,-1.47,47.66
TXN-00250,2024-09-09,Administration,122320.40814,126645.527064,-4325.12,117839.070916,63,1941.59378,Enterprise,INR,Accrual,8806.46,7.47,-3.54
TXN-00280,2024-09-10,Logistics,261541.169462,217074.182428,44466.99,201648.685841,108,2421.677495,Direct,INR,Actual,15425.5,7.65,17.0
TXN-00310,2024-09-11,Operations,442779.792026,350584.2715,92195.52,304106.434433,80,5534.7474,Online,INR,Actual,46477.84,15.28,20.82
TXN-00340,2024-09-12,Legal,158285.318739,101273.011679,57012.31,110350.954919,83,1907.052033,Direct,INR,Accrual,-9077.94,-8.23,36.02
TXN-00254,2024-09-13,Legal,111485.794016,93575.212236,17910.58,97914.978842,56,1990.81775,Direct,INR,Actual,-4339.77,-4.43,16.07
TXN-00255,2024-09-14,Logistics,285275.380276,251435.735596,33839.64,214383.123148,89,3205.341351,Online,INR,Accrual,37052.61,17.28,11.86
TXN-00256,2024-09-15,Logistics,274448.44331,160258.059651,114190.38,202244.213847,85,3228.805215,Online,INR,Actual,-41986.15,-20.76,41.61
TXN-00257,2024-09-16,Customer Support,199072.648953,125485.194351,73587.45,115544.458125,95,2095.501568,Partner,INR,Actual,9940.74,8.6,36.97
TXN-00258,2024-09-17,Finance,167584.540852,108095.764661,59488.78,100463.991722,68,2464.478542,Enterprise,INR,Accrual,7631.77,7.6,35.5
TXN-00259,2024-09-18,Logistics,268638.691505,204769.397186,63869.29,212812.023593,84,3198.079661,Direct,INR,Accrual,-8042.63,-3.78,23.78
TXN-00260,2024-09-19,Operations,458048.544901,281106.265349,176942.28,315809.544534,101,4535.134108,Direct,INR,Actual,-34703.28,-10.99,38.63
TXN-00261,2024-09-20,IT,292792.630765,169712.482095,123080.15,186743.309046,83,3527.622057,Enterprise,INR,Accrual,-17030.83,-9.12,42.04
TXN-00262,2024-09-21,Administration,146322.217016,113612.072431,32710.14,111861.534508,49,2986.167694,Enterprise,INR,Actual,1750.54,1.56,22.35
TXN-00263,2024-09-22,Operations,357994.463364,330047.75104,27946.71,289404.329773,61,5868.761694,Online,INR,Accrual,40643.42,14.04,7.81
TXN-00264,2024-09-23,Legal,131376.008378,98959.002092,32417.01,90342.91262,109,1205.284481,Partner,INR,Actual,8616.09,9.54,24.67
TXN-00265,2024-09-24,R&D,323632.781662,248756.86016,74875.92,263480.89434,85,3807.44449,Partner,INR,Accrual,-14724.03,-5.59,23.14
TXN-00266,2024-09-25,Sales,475464.671927,285419.894463,190044.78,288962.784167,72,6603.675999,Enterprise,INR,Accrual,-3542.89,-1.23,39.97
TXN-00267,2024-09-26,Operations,381093.634718,289638.389298,91455.25,313393.193324,60,6351.560579,Partner,INR,Actual,-23754.8,-7.58,24.0
TXN-00268,2024-09-27,Administration,144334.868221,100522.687309,43812.18,111127.350039,83,1738.974316,Online,INR,Accrual,-10604.66,-9.54,30.35
TXN-00269,2024-09-28,Procurement,195147.141716,120847.408973,74299.73,140846.844877,100,1951.471417,Direct,INR,Accrual,-19999.44,-14.2,38.07
TXN-00270,2024-09-29,Procurement,190963.212173,132966.368015,57996.84,160798.090582,103,1854.011769,Online,INR,Actual,-27831.72,-17.31,30.37
TXN-00271,2024-09-30,IT,267550.671262,186639.077446,80911.59,188595.671836,106,2524.062936,Partner,INR,Actual,-1956.59,-1.04,30.24
TXN-00010,2024-10-01,R&D,434434.627742,282461.565609,151973.06,258126.114193,53,8196.879769,Partner,INR,Actual,24335.45,9.43,34.98
TXN-00041,2024-10-02,Operations,504592.665469,387379.814819,117212.85,309240.318135,86,5867.356575,Direct,INR,Accrual,78139.5,25.27,23.23
TXN-00070,2024-10-03,Logistics,302398.313047,249350.156915,53048.16,242873.358459,98,3085.697072,Partner,INR,Actual,6476.8,2.67,17.54
TXN-00100,2024-10-04,Logistics,287566.607917,256516.517379,31050.09,215323.630863,89,3231.085482,Direct,INR,Accrual,41192.89,19.13,10.8
TXN-00130,2024-10-05,Marketing,312380.180147,210294.896631,102085.28,247456.57102,94,3323.193406,Online,INR,Accrual,-37161.67,-15.02,32.68
TXN-00160,2024-10-06,Human Resources,122205.57973,91110.754133,31094.83,100008.462532,100,1222.055797,Online,INR,Accrual,-8897.71,-8.9,25.44
TXN-00190,2024-10-07,Sales,525156.890797,363478.367799,161678.52,289760.008678,40,13128.92227,Online,INR,Accrual,73718.36,25.44,30.79
TXN-00221,2024-10-08,Operations,415013.980376,300950.762595,114063.22,304214.323093,84,4940.642624,Online,INR,Accrual,-3263.56,-1.07,27.48
TXN-00251,2024-10-09,Procurement,184269.10615,147447.078972,36822.03,163660.302048,86,2142.664025,Online,INR,Accrual,-16213.22,-9.91,19.98
TXN-00281,2024-10-10,Sales,478471.48898,287216.677352,191254.81,289475.060013,84,5696.089155,Partner,INR,Accrual,-2258.38,-0.78,39.97
TXN-00311,2024-10-11,Human Resources,99164.706768,102625.681834,-3460.98,92461.821456,89,1114.210188,Partner,INR,Accrual,10163.86,10.99,-3.49
TXN-00341,2024-10-12,Procurement,244292.731343,162907.534182,81385.2,186565.110292,94,2598.858844,Enterprise,INR,Accrual,-23657.58,-12.68,33.31
TXN-00284,2024-10-13,Customer Support,155840.061539,107316.248654,48523.81,127751.216744,49,3180.409419,Direct,INR,Accrual,-20434.97,-16.0,31.14
TXN-00285,2024-10-14,Human Resources,117865.812762,88153.259977,29712.55,95972.084463,60,1964.430213,Enterprise,INR,Accrual,-7818.82,-8.15,25.21
TXN-00286,2024-10-15,Procurement,231112.885858,150871.096588,80241.79,156795.405795,94,2458.647722,Online,INR,Actual,-5924.31,-3.78,34.72
TXN-00287,2024-10-16,IT,264871.164491,194983.19526,69887.97,177289.224943,105,2522.582519,Online,INR,Accrual,17693.97,9.98,26.39
TXN-00288,2024-10-17,Administration,139188.748386,119825.806013,19362.94,121469.400044,73,1906.695183,Partner,INR,Actual,-1643.59,-1.35,13.91
TXN-00289,2024-10-18,Finance,173467.450642,97008.633198,76458.82,104111.574659,99,1752.196471,Partner,INR,Actual,-7102.94,-6.82,44.08
TXN-00290,2024-10-19,Operations,470959.835902,355163.112581,115796.72,319759.494885,96,4905.831624,Partner,INR,Actual,35403.62,11.07,24.59
TXN-00291,2024-10-20,IT,297681.940883,171216.007089,126465.93,176152.97012,99,3006.888292,Online,INR,Accrual,-4936.96,-2.8,42.48
TXN-00292,2024-10-21,Customer Support,155949.705191,128608.362479,27341.34,128974.83289,81,1925.305002,Online,INR,Accrual,-366.47,-0.28,17.53
TXN-00293,2024-10-22,IT,324566.428897,217877.602653,106688.83,181733.835294,106,3061.947442,Enterprise,INR,Accrual,36143.77,19.89,32.87
TXN-00294,2024-10-23,Operations,407421.565792,308464.882452,98956.68,318201.413724,89,4577.770402,Direct,INR,Accrual,-9736.53,-3.06,24.29
TXN-00295,2024-10-24,R&D,348346.353842,271999.020675,76347.33,254667.553381,76,4583.504656,Enterprise,INR,Actual,17331.47,6.81,21.92
TXN-00296,2024-10-25,IT,278501.738551,186571.975101,91929.76,195855.977431,68,4095.613802,Direct,INR,Accrual,-9284.0,-4.74,33.01
TXN-00297,2024-10-26,Operations,365729.391556,344785.849062,20943.54,298179.819395,57,6416.305115,Online,INR,Actual,46606.03,15.63,5.73
TXN-00298,2024-10-27,Human Resources,137285.218783,99123.229429,38161.99,90897.856042,80,1716.065235,Partner,INR,Accrual,8225.37,9.05,27.8
TXN-00299,2024-10-28,IT,353053.979091,229568.147104,123485.83,193506.360153,114,3096.964729,Direct,INR,Actual,36061.79,18.64,34.98
TXN-00300,2024-10-29,Administration,166538.033402,115959.693362,50578.34,108181.171714,108,1542.018828,Direct,INR,Accrual,7778.52,7.19,30.37
TXN-00301,2024-10-31,Administration,162314.403112,126490.951079,35823.45,121429.90759,35,4637.554375,Enterprise,INR,Accrual,5061.04,4.17,22.07
TXN-00011,2024-11-01,Sales,545530.755873,318645.522113,226885.23,321145.51847,96,5682.61204,Partner,INR,Actual,-2500.0,-0.78,41.59
TXN-00042,2024-11-02,Sales,511238.231543,355795.407372,155442.82,330555.975113,117,4369.557535,Direct,INR,Actual,25239.43,7.64,30.41
TXN-00071,2024-11-03,Finance,213095.488437,119280.014165,93815.47,115960.704713,97,2196.860706,Direct,INR,Actual,3319.31,2.86,44.03
TXN-00101,2024-11-04,R&D,402305.901199,317376.803257,84929.1,300784.00245,84,4789.355967,Partner,INR,Accrual,16592.8,5.52,21.11
TXN-00131,2024-11-05,Operations,477257.371104,364576.473163,112680.9,312705.838976,65,7342.421094,Direct,INR,Actual,51870.63,16.59,23.61
TXN-00161,2024-11-06,Customer Support,171886.951085,128377.665507,43509.29,123065.251618,66,2604.347744,Partner,INR,Actual,5312.41,4.32,25.31
TXN-00191,2024-11-07,Administration,172197.906645,121783.819782,50414.09,116170.656916,72,2391.637592,Direct,INR,Accrual,5613.16,4.83,29.28
TXN-00222,2024-11-08,Customer Support,204396.007727,127210.037286,77185.97,115391.718138,94,2174.425614,Online,INR,Accrual,11818.32,10.24,37.76
TXN-00252,2024-11-09,IT,317549.289325,182103.388819,135445.9,194591.342709,77,4124.016744,Enterprise,INR,Actual,-12487.95,-6.42,42.65
TXN-00282,2024-11-10,Logistics,297509.257296,194089.274804,103419.98,221456.048804,101,2945.636211,Direct,INR,Actual,-27366.77,-12.36,34.76
TXN-00312,2024-11-11,Procurement,223155.934369,181242.602089,41913.33,170794.5229,78,2860.973518,Direct,INR,Actual,10448.08,6.12,18.78
TXN-00342,2024-11-12,Procurement,256808.532083,189893.324519,66915.21,177059.124558,122,2104.987968,Online,INR,Accrual,12834.2,7.25,26.06
TXN-00314,2024-11-13,R&D,367612.810754,259480.553242,108132.26,256029.734864,114,3224.673779,Direct,INR,Actual,3450.82,1.35,29.41
TXN-00315,2024-11-14,Sales,495329.529117,328685.087247,166644.44,345700.311431,79,6269.994039,Direct,INR,Actual,-17015.22,-4.92,33.64
TXN-00316,2024-11-15,Sales,556881.39603,289876.683743,267004.71,345117.671322,94,5924.270171,Direct,INR,Actual,-55240.99,-16.01,47.95
TXN-00317,2024-11-16,IT,302642.2964,240214.439814,62427.86,197633.256687,96,3152.523921,Enterprise,INR,Actual,42581.18,21.55,20.63
TXN-00318,2024-11-17,Customer Support,220405.756372,128382.479907,92023.28,142016.265257,70,3148.653662,Partner,INR,Actual,-13633.79,-9.6,41.75
TXN-00319,2024-11-18,Sales,514641.015582,304564.297868,210076.72,309720.380597,105,4901.343006,Direct,INR,Actual,-5156.08,-1.66,40.82
TXN-00320,2024-11-19,Customer Support,166253.552215,136326.401909,29927.15,124861.391101,69,2409.471771,Direct,INR,Actual,11465.01,9.18,18.0
TXN-00321,2024-11-20,R&D,433139.329107,284216.604403,148922.72,277212.035462,69,6277.381581,Partner,INR,Accrual,7004.57,2.53,34.38
TXN-00322,2024-11-21,Administration,160341.160538,119566.241057,40774.92,113853.116254,142,1129.163102,Enterprise,INR,Actual,5713.12,5.02,25.43
TXN-00323,2024-11-22,R&D,341072.099186,269805.844568,71266.25,272245.612744,75,4547.627989,Enterprise,INR,Accrual,-2439.77,-0.9,20.89
TXN-00324,2024-11-23,Administration,150688.234037,125634.16134,25054.07,124219.163358,109,1382.460863,Partner,INR,Actual,1415.0,1.14,16.63
TXN-00325,2024-11-24,Customer Support,136450.75762,145495.124309,-9044.37,133439.413032,91,1499.458875,Online,INR,Actual,12055.71,9.03,-6.63
TXN-00326,2024-11-25,Legal,122991.09107,97532.584008,25458.51,95437.467688,77,1597.286897,Online,INR,Accrual,2095.12,2.2,20.7
TXN-00327,2024-11-26,Administration,150252.880804,132511.814284,17741.07,127530.370128,91,1651.130558,Partner,INR,Accrual,4981.44,3.91,11.81
TXN-00328,2024-11-27,Sales,521468.943382,336129.014099,185339.93,337023.488418,84,6207.963612,Online,INR,Accrual,-894.47,-0.27,35.54
TXN-00329,2024-11-28,Human Resources,116592.089343,98485.617987,18106.47,98165.116918,75,1554.561191,Direct,INR,Actual,320.5,0.33,15.53
TXN-00330,2024-11-29,Finance,201647.591668,114677.005249,86970.59,116914.839193,79,2552.50116,Direct,INR,Accrual,-2237.83,-1.91,43.13
TXN-00331,2024-11-30,Finance,196102.443927,118850.029423,77252.41,107960.778676,98,2001.045346,Enterprise,INR,Accrual,10889.25,10.09,39.39
TXN-00012,2024-12-01,Legal,125147.764541,98284.342669,26863.42,93979.70438,73,1714.352939,Partner,INR,Actual,4304.64,4.58,21.47
TXN-00043,2024-12-02,Marketing,301821.352702,327504.65222,-25683.3,242591.679826,108,2794.642155,Enterprise,INR,Accrual,84912.97,35.0,-8.51
TXN-00072,2024-12-03,Operations,465689.732235,285126.136071,180563.6,313492.966658,95,4901.997181,Online,INR,Actual,-28366.83,-9.05,38.77
TXN-00102,2024-12-04,Operations,560918.180698,387090.713922,173827.47,333813.751822,94,5967.214688,Partner,INR,Accrual,53276.96,15.96,30.99
TXN-00132,2024-12-05,Finance,176758.156593,117379.009268,59379.15,109865.144468,82,2155.587276,Online,INR,Actual,7513.86,6.84,33.59
TXN-00162,2024-12-06,Administration,180052.332867,136975.087182,43077.25,122226.653624,90,2000.581476,Direct,INR,Actual,14748.43,12.07,23.92
TXN-00192,2024-12-07,R&D,424726.012583,274271.278663,150454.73,256172.63473,67,6339.194218,Direct,INR,Accrual,18098.64,7.07,35.42
TXN-00223,2024-12-08,Human Resources,106066.96852,94086.198554,11980.77,90845.346338,114,930.412005,Direct,INR,Accrual,3240.85,3.57,11.3
TXN-00253,2024-12-09,IT,308993.58578,401277.0127,-92283.43,192297.187615,70,4414.194083,Online,INR,Accrual,208979.83,108.68,-29.87
TXN-00283,2024-12-10,IT,302301.437472,205453.602334,96847.84,194228.623489,89,3396.645365,Online,INR,Actual,11224.98,5.78,32.04
TXN-00313,2024-12-11,IT,282898.524678,210693.57128,72204.95,202303.369515,93,3041.91962,Enterprise,INR,Accrual,8390.2,4.15,25.52
TXN-00343,2024-12-12,Finance,209086.151364,138720.02224,70366.13,109978.926057,51,4099.728458,Partner,INR,Actual,28741.1,26.13,33.65
TXN-00344,2024-12-13,Finance,195723.594878,125765.624919,69957.97,119464.509904,69,2836.573839,Partner,INR,Accrual,6301.12,5.27,35.74
TXN-00345,2024-12-14,Administration,175414.60701,139705.984979,35708.62,130767.796228,83,2113.429,Online,INR,Accrual,8938.19,6.84,20.36
TXN-00346,2024-12-15,Administration,165298.218242,129701.405408,35596.81,119887.740103,105,1574.268745,Enterprise,INR,Actual,9813.67,8.19,21.53
TXN-00347,2024-12-16,Finance,239715.382503,116826.198342,122889.18,118190.877708,64,3745.552852,Partner,INR,Accrual,-1364.68,-1.15,51.26
TXN-00348,2024-12-17,Human Resources,133102.626978,121985.279458,11117.35,103050.969918,64,2079.728547,Enterprise,INR,Actual,18934.31,18.37,8.35
TXN-00349,2024-12-18,Finance,203452.945657,101974.008805,101478.94,110330.125648,80,2543.161821,Direct,INR,Accrual,-8356.12,-7.57,49.88
TXN-00350,2024-12-19,Marketing,229442.562427,231288.818006,-1846.26,253894.331278,53,4329.104951,Enterprise,INR,Actual,-22605.51,-8.9,-0.8
TXN-00351,2024-12-20,Operations,477608.110693,331208.708758,146399.4,329306.644662,73,6542.576859,Enterprise,INR,Actual,1902.06,0.58,30.65
TXN-00352,2024-12-21,Administration,167804.852242,103093.873553,64710.98,128569.326118,57,2943.944776,Partner,INR,Accrual,-25475.45,-19.81,38.56
TXN-00353,2024-12-22,Finance,177743.920617,93066.40168,84677.52,119650.646809,105,1692.799244,Online,INR,Accrual,-26584.25,-22.22,47.64
TXN-00354,2024-12-23,Customer Support,193330.962588,154842.770036,38488.19,142062.755065,74,2612.580576,Direct,INR,Accrual,12780.01,9.0,19.91
TXN-00355,2024-12-24,Legal,137863.139617,115297.51162,22565.63,112206.51362,103,1338.477084,Partner,INR,Actual,3091.0,2.75,16.37
TXN-00356,2024-12-25,Procurement,238140.404379,206778.552369,31361.85,187999.173415,83,2869.161499,Online,INR,Actual,18779.38,9.99,13.17
TXN-00357,2024-12-26,Sales,678112.385146,327064.758148,351047.63,369948.44342,63,10763.688653,Online,INR,Accrual,-42883.69,-11.59,51.77
TXN-00358,2024-12-27,Sales,635948.01946,333897.94522,302050.07,335209.584029,87,7309.74735,Partner,INR,Actual,-1311.64,-0.39,47.5
TXN-00359,2024-12-28,Human Resources,125802.417777,104450.440124,21351.98,99394.688089,46,2734.835169,Partner,INR,Actual,5055.75,5.09,16.97
TXN-00360,2024-12-29,Administration,157131.118857,140621.243574,16509.88,127466.367111,87,1806.104814,Partner,INR,Actual,13154.88,10.32,10.51
TXN-00361,2024-12-30,R&D,400803.046744,304639.106672,96163.94,301129.186642,106,3781.160818,Direct,INR,Accrual,3509.92,1.17,23.99
TXN-00362,2024-12-31,Marketing,246229.885706,230206.533049,16023.35,241751.508208,79,3116.833996,Online,INR,Accrual,-11544.98,-4.78,6.51
TXN-00363,2025-01-01,Operations,537939.100416,385462.808989,152476.29,356755.620033,69,7796.218847,Partner,INR,Accrual,28707.19,8.05,28.34
TXN-00393,2025-01-02,Administration,180250.840739,155874.394396,24376.45,137386.207072,76,2371.721589,Direct,INR,Actual,18488.19,13.46,13.52
TXN-00421,2025-01-03,Finance,234305.033546,134278.260589,100026.77,134667.930957,72,3254.236577,Enterprise,INR,Accrual,-389.67,-0.29,42.69
TXN-00451,2025-01-04,Customer Support,219313.663376,181061.407546,38252.26,148403.582501,61,3595.305957,Direct,INR,Accrual,32657.83,22.01,17.44
TXN-00481,2025-01-05,Human Resources,156067.492791,99716.393549,56351.1,115998.457483,83,1880.331238,Direct,INR,Actual,-16282.06,-14.04,36.11
TXN-00512,2025-01-06,Legal,174088.073654,123757.853641,50330.22,118124.716403,77,2260.884073,Online,INR,Accrual,5633.14,4.77,28.91
TXN-00541,2025-01-07,R&D,405478.966471,316186.400751,89292.57,315926.908439,106,3825.273269,Direct,INR,Accrual,259.49,0.08,22.02
TXN-00572,2025-01-08,Procurement,258115.675774,172349.710231,85765.97,165805.026265,130,1985.505198,Online,INR,Actual,6544.68,3.95,33.23
TXN-00602,2025-01-09,Logistics,272767.563104,222175.158596,50592.4,223813.198566,106,2573.278897,Online,INR,Accrual,-1638.04,-0.73,18.55
TXN-00632,2025-01-10,Logistics,369854.404969,207596.53065,162257.87,230360.822047,119,3108.02021,Enterprise,INR,Accrual,-22764.29,-9.88,43.87
TXN-00663,2025-01-11,Marketing,310766.264542,269518.849124,41247.42,239649.09626,88,3531.434824,Partner,INR,Actual,29869.75,12.46,13.27
TXN-00692,2025-01-12,Procurement,232022.797318,204122.088653,27900.71,187862.583341,87,2666.928705,Partner,INR,Actual,16259.51,8.66,12.02
TXN-00375,2025-01-13,Procurement,208263.831658,175280.651994,32983.18,176966.715993,62,3359.094059,Enterprise,INR,Actual,-1686.06,-0.95,15.84
TXN-00376,2025-01-15,Procurement,228769.967116,164645.229914,64124.74,186555.47198,87,2629.539852,Online,INR,Actual,-21910.24,-11.74,28.03
TXN-00377,2025-01-16,Marketing,239864.841276,243177.073467,-3312.23,269233.634165,90,2665.164903,Online,INR,Accrual,-26056.56,-9.68,-1.38
TXN-00378,2025-01-17,Logistics,364114.388958,284416.154012,79698.23,229929.125479,79,4609.042898,Online,INR,Actual,54487.03,23.7,21.89
TXN-00379,2025-01-18,IT,306240.724025,230845.452178,75395.27,242665.252048,89,3440.907012,Online,INR,Actual,-11819.8,-4.87,24.62
TXN-00380,2025-01-19,Administration,186933.847088,128665.327445,58268.52,140722.932193,86,2173.649385,Online,INR,Accrual,-12057.6,-8.57,31.17
TXN-00381,2025-01-20,Logistics,345903.138307,243236.804302,102666.33,243230.799524,89,3886.552116,Direct,INR,Accrual,6.0,0.0,29.68
TXN-00382,2025-01-21,Operations,568125.811398,454122.26815,114003.54,353647.899152,102,5569.860896,Partner,INR,Actual,100474.37,28.41,20.07
TXN-00383,2025-01-22,R&D,477458.538093,287184.033039,190274.51,329033.396925,45,10610.189735,Partner,INR,Actual,-41849.36,-12.72,39.85
TXN-00384,2025-01-23,Human Resources,120401.652425,106143.984243,14257.67,115674.663853,110,1094.560477,Enterprise,INR,Accrual,-9530.68,-8.24,11.84
TXN-00385,2025-01-24,Sales,539292.551309,402680.864322,136611.69,353909.107833,65,8296.808482,Online,INR,Actual,48771.76,13.78,25.33
TXN-00386,2025-01-25,Procurement,229824.98918,184369.861221,45455.13,190227.540482,78,2946.47422,Partner,INR,Actual,-5857.68,-3.08,19.78
TXN-00387,2025-01-26,Operations,641154.482118,372672.398745,268482.08,365821.505863,75,8548.726428,Partner,INR,Accrual,6850.89,1.87,41.87
TXN-00388,2025-01-27,R&D,461814.29893,306545.223633,155269.08,316569.532982,78,5920.69614,Partner,INR,Actual,-10024.31,-3.17,33.62
TXN-00389,2025-01-28,Customer Support,206434.70634,151035.156534,55399.55,153844.927467,80,2580.433829,Direct,INR,Accrual,-2809.77,-1.83,26.84
TXN-00390,2025-01-29,Human Resources,131193.814422,101036.227797,30157.59,104769.125239,82,1599.924566,Partner,INR,Accrual,-3732.9,-3.56,22.99
TXN-00391,2025-01-30,Administration,212701.666212,145789.106812,66912.56,126387.476741,72,2954.189809,Direct,INR,Accrual,19401.63,15.35,31.46
TXN-00392,2025-01-31,Administration,185175.262752,135078.302628,50096.96,127893.878184,86,2153.20073,Online,INR,Accrual,7184.42,5.62,27.05
TXN-00364,2025-02-01,IT,351387.124346,228104.740416,123282.38,219204.352151,66,5324.047339,Partner,INR,Accrual,8900.39,4.06,35.08
TXN-00394,2025-02-02,Procurement,242079.66649,166781.815312,75297.85,195896.241067,82,2952.191055,Online,INR,Actual,-29114.43,-14.86,31.1
TXN-00422,2025-02-03,Human Resources,150804.829145,119213.137271,31591.69,105874.685823,85,1774.174461,Online,INR,Actual,13338.45,12.6,20.95
TXN-00452,2025-02-04,Legal,136620.74296,120963.732925,15657.01,115101.209961,53,2577.749867,Enterprise,INR,Accrual,5862.52,5.09,11.46
TXN-00482,2025-02-05,Legal,155664.365945,135871.668471,19792.7,118533.124669,79,1970.435012,Partner,INR,Accrual,17338.54,14.63,12.71
TXN-00513,2025-02-06,Administration,178728.057709,128721.819961,50006.24,134003.941301,106,1686.113752,Direct,INR,Actual,-5282.12,-3.94,27.98
TXN-00542,2025-02-07,Human Resources,133967.069999,94453.944937,39513.13,99996.688005,50,2679.3414,Online,INR,Accrual,-5542.74,-5.54,29.49
TXN-00573,2025-02-08,Human Resources,145259.479756,108328.438478,36931.04,100600.160902,74,1962.965943,Partner,INR,Accrual,7728.28,7.68,25.42
TXN-00603,2025-02-09,Human Resources,135249.781733,95881.397133,39368.38,98998.81105,94,1438.827465,Enterprise,INR,Accrual,-3117.41,-3.15,29.11
TXN-00633,2025-02-10,Legal,162954.832379,110939.496996,52015.34,104235.54942,91,1790.712444,Enterprise,INR,Actual,6703.95,6.43,31.92
TXN-00664,2025-02-11,Legal,174861.433819,100792.246453,74069.19,105358.66003,90,1942.90482,Online,INR,Accrual,-4566.41,-4.33,42.36
TXN-00693,2025-02-12,IT,481861.717313,208861.013409,273000.7,238672.237233,97,4967.64657,Enterprise,INR,Actual,-29811.22,-12.49,56.66
TXN-00405,2025-02-13,Legal,164349.723299,118550.818934,45798.9,122744.598093,86,1911.043294,Direct,INR,Actual,-4193.78,-3.42,27.87
TXN-00406,2025-02-14,IT,379605.33144,288398.801439,91206.53,254556.827533,77,4929.939369,Online,INR,Actual,33841.97,13.29,24.03
TXN-00407,2025-02-15,Operations,533661.941799,393002.372278,140659.57,368295.409294,59,9045.117658,Direct,INR,Actual,24706.96,6.71,26.36
TXN-00408,2025-02-16,Administration,182348.740417,145613.46984,36735.27,140836.426959,61,2989.323613,Direct,INR,Accrual,4777.04,3.39,20.15
TXN-00409,2025-02-17,R&D,418807.499771,390161.77614,28645.72,342498.026732,97,4317.60309,Online,INR,Actual,47663.75,13.92,6.84
TXN-00410,2025-02-18,Marketing,290132.991882,277136.674163,12996.32,245230.577859,82,3538.207218,Partner,INR,Accrual,31906.1,13.01,4.48
TXN-00411,2025-02-19,Operations,474372.864738,432149.964468,42222.9,385474.967064,88,5390.600736,Enterprise,INR,Actual,46675.0,12.11,8.9
TXN-00412,2025-02-20,Finance,220432.212575,142822.653914,77609.56,136394.31528,94,2345.023538,Online,INR,Accrual,6428.34,4.71,35.21
TXN-00413,2025-02-21,IT,334724.343101,253599.193844,81125.15,251761.986172,94,3560.897267,Direct,INR,Accrual,1837.21,0.73,24.24
TXN-00414,2025-02-22,Finance,242822.725825,103691.25279,139131.47,131231.850144,81,2997.81143,Direct,INR,Accrual,-27540.6,-20.99,57.3
TXN-00415,2025-02-23,Customer Support,224949.210155,160734.174353,64215.04,144102.357913,110,2044.99282,Partner,INR,Accrual,16631.82,11.54,28.55
TXN-00416,2025-02-24,Sales,612418.90898,401301.879506,211117.03,362661.317749,85,7204.928341,Online,INR,Accrual,38640.56,10.65,34.47
TXN-00417,2025-02-25,Legal,138940.851769,104693.906317,34246.95,112235.270209,51,2724.330427,Online,INR,Actual,-7541.36,-6.72,24.65
TXN-00418,2025-02-26,Procurement,243199.98824,158884.030359,84315.96,189043.999245,89,2732.584138,Enterprise,INR,Accrual,-30159.97,-15.95,34.67
TXN-00419,2025-02-27,Legal,171782.967518,141554.511465,30228.46,125509.710769,94,1827.478378,Enterprise,INR,Actual,16044.8,12.78,17.6
TXN-00420,2025-02-28,Procurement,317782.878099,189281.903134,128500.97,189971.085793,111,2862.908812,Enterprise,INR,Accrual,-689.18,-0.36,40.44
TXN-00365,2025-03-01,R&D,407393.053663,290351.996953,117041.06,325106.562601,71,5737.930333,Online,INR,Actual,-34754.57,-10.69,28.73
TXN-00395,2025-03-02,IT,356158.766219,207432.585066,148726.18,244682.811765,95,3749.039644,Enterprise,INR,Accrual,-37250.23,-15.22,41.76
TXN-00423,2025-03-03,Legal,177228.323562,136626.993901,40601.33,127535.150785,76,2331.951626,Partner,INR,Actual,9091.84,7.13,22.91
TXN-00453,2025-03-04,Operations,577525.84047,329780.808253,247745.03,365261.479953,102,5662.018044,Direct,INR,Actual,-35480.67,-9.71,42.9
TXN-00483,2025-03-05,Marketing,275214.035641,232749.435273,42464.6,273571.096724,82,3356.268727,Partner,INR,Actual,-40821.66,-14.92,15.43
TXN-00514,2025-03-06,Logistics,434820.513344,256806.138761,178014.37,237421.170648,68,6394.419314,Enterprise,INR,Actual,19384.97,8.16,40.94
TXN-00543,2025-03-07,Logistics,296062.050739,228018.188823,68043.86,220972.871029,81,3655.087046,Direct,INR,Accrual,7045.32,3.19,22.98
TXN-00574,2025-03-08,Sales,557280.983644,350148.149835,207132.83,363816.751391,85,6556.246866,Direct,INR,Accrual,-13668.6,-3.76,37.17
TXN-00604,2025-03-09,Human Resources,142119.716279,91920.517188,50199.2,103701.247353,73,1946.845428,Enterprise,INR,Accrual,-11780.73,-11.36,35.32
TXN-00634,2025-03-10,Procurement,266349.628101,161319.035406,105030.59,161594.441275,85,3133.525036,Direct,INR,Accrual,-275.41,-0.17,39.43
TXN-00665,2025-03-11,Finance,206119.930493,110851.015671,95268.91,124813.836412,94,2192.765218,Enterprise,INR,Accrual,-13962.82,-11.19,46.22
TXN-00694,2025-03-12,Logistics,320767.027276,241436.860808,79330.17,262846.957524,84,3818.655087,Partner,INR,Actual,-21410.1,-8.15,24.73
TXN-00433,2025-03-13,Sales,763971.660982,384843.143505,379128.52,421462.09559,95,8041.806958,Enterprise,INR,Actual,-36618.95,-8.69,49.63
TXN-00434,2025-03-14,IT,396203.457233,215057.711323,181145.75,233806.847921,95,4170.562708,Direct,INR,Actual,-18749.14,-8.02,45.72
TXN-00435,2025-03-15,Customer Support,202708.44914,310746.724581,-108038.28,151944.552965,100,2027.084491,Online,INR,Accrual,158802.17,104.51,-53.3
TXN-00436,2025-03-16,Human Resources,148820.535008,106550.292393,42270.24,121729.879231,56,2657.509554,Partner,INR,Actual,-15179.59,-12.47,28.4
TXN-00437,2025-03-17,R&D,415850.695369,371269.952858,44580.74,323971.524697,89,4672.479723,Online,INR,Actual,47298.43,14.6,10.72
TXN-00438,2025-03-18,Legal,167370.354618,129278.150879,38092.2,129976.244564,59,2836.785671,Online,INR,Accrual,-698.09,-0.54,22.76
TXN-00439,2025-03-19,IT,436850.498268,215492.657874,221357.84,231027.833095,85,5139.417627,Partner,INR,Actual,-15535.18,-6.72,50.67
TXN-00440,2025-03-20,R&D,403743.680151,343315.749077,60427.93,315420.572833,69,5851.357683,Enterprise,INR,Actual,27895.18,8.84,14.97
TXN-00441,2025-03-21,Legal,66850.064162,140388.375375,-73538.31,117242.220864,81,1679.146339,Partner,INR,Actual,23146.15,19.74,-110.0
TXN-00442,2025-03-22,Procurement,271317.37684,223467.791224,47849.59,196071.471434,77,3523.602297,Partner,INR,Accrual,27396.32,13.97,17.64
TXN-00443,2025-03-23,Human Resources,142738.11012,106443.883918,36294.23,110578.464059,77,1853.74169,Direct,INR,Actual,-4134.58,-3.74,25.43
TXN-00444,2025-03-24,Legal,166604.675721,95483.309004,71121.37,126706.547699,88,1893.234951,Enterprise,INR,Actual,-31223.24,-24.64,42.69
TXN-00445,2025-03-25,Human Resources,169178.311414,122268.522801,46909.79,117214.945113,52,3253.429066,Partner,INR,Actual,5053.58,4.31,27.73
TXN-00446,2025-03-26,IT,393785.884387,263184.658425,130601.23,242789.332815,45,8750.797431,Online,INR,Actual,20395.33,8.4,33.17
TXN-00447,2025-03-27,Administration,178292.763452,146696.862457,31595.9,157316.425444,71,2511.165682,Online,INR,Accrual,-10619.56,-6.75,17.72
TXN-00448,2025-03-28,Finance,206707.023937,126619.169844,80087.85,138522.209763,67,3085.179462,Enterprise,INR,Actual,-11903.04,-8.59,38.74
TXN-00449,2025-03-29,R&D,434296.655456,366381.630231,67915.03,320412.914382,106,4097.138259,Partner,INR,Actual,45968.72,14.35,15.64
TXN-00450,2025-03-30,R&D,403867.505148,355120.455113,48747.05,347184.684993,80,5048.343814,Partner,INR,Accrual,7935.77,2.29,12.07
TXN-00366,2025-04-01,Operations,500693.613241,346844.958057,153848.66,372200.770823,110,4551.76012,Partner,INR,Actual,-25355.81,-6.81,30.73
TXN-00396,2025-04-02,Logistics,318110.497848,298152.134221,19958.36,236177.051086,107,2972.995307,Enterprise,INR,Accrual,61975.08,26.24,6.27
TXN-00424,2025-04-03,IT,413076.15663,260267.387538,152808.77,227038.576297,86,4803.211124,Partner,INR,Actual,33228.81,14.64,36.99
TXN-00454,2025-04-04,Sales,709379.349938,361596.424855,347782.93,419752.041102,94,7546.588829,Partner,INR,Accrual,-58155.62,-13.85,49.03
TXN-00484,2025-04-05,Customer Support,164029.392397,160244.017112,3785.38,159400.565314,62,2645.635361,Enterprise,INR,Actual,843.45,0.53,2.31
TXN-00515,2025-04-06,Administration,158561.440937,131459.345218,27102.1,130439.656754,62,2557.442596,Direct,INR,Accrual,1019.69,0.78,17.09
TXN-00544,2025-04-07,Logistics,271138.511253,229446.020725,41692.49,232870.293169,71,3818.852271,Online,INR,Accrual,-3424.27,-1.47,15.38
TXN-00575,2025-04-08,Operations,487201.613283,296775.916991,190425.7,310666.665035,84,5800.019206,Direct,INR,Actual,-13890.75,-4.47,39.09
TXN-00605,2025-04-09,Finance,193721.454567,120610.181656,73111.27,119666.290109,86,2252.575053,Partner,INR,Accrual,943.89,0.79,37.74
TXN-00635,2025-04-10,Marketing,285209.592466,251238.631233,33970.96,220999.822442,67,4256.859589,Direct,INR,Actual,30238.81,13.68,11.91
TXN-00666,2025-04-11,Operations,584437.982196,431025.435515,153412.55,369808.447273,77,7590.103665,Direct,INR,Accrual,61216.99,16.55,26.25
TXN-00695,2025-04-12,IT,427895.701768,242900.847121,184994.85,245031.229239,80,5348.696272,Partner,INR,Accrual,-2130.38,-0.87,43.23
TXN-00463,2025-04-13,Administration,202942.670509,140132.910555,62809.76,149176.484302,73,2780.036582,Enterprise,INR,Actual,-9043.57,-6.06,30.95
TXN-00464,2025-04-14,Finance,245527.242772,117461.226831,128066.02,125429.331452,97,2531.208688,Online,INR,Actual,-7968.1,-6.35,52.16
TXN-00465,2025-04-15,Administration,171388.143146,131540.326088,39847.82,141835.373729,57,3006.809529,Online,INR,Accrual,-10295.05,-7.26,23.25
TXN-00466,2025-04-16,IT,423644.683938,228753.664261,194891.02,247177.625257,54,7845.271925,Online,INR,Actual,-18423.96,-7.45,46.0
TXN-00467,2025-04-17,Marketing,312473.080953,237162.631366,75310.45,285873.798406,97,3221.371969,Partner,INR,Accrual,-48711.17,-17.04,24.1
TXN-00468,2025-04-18,Procurement,289185.540095,224685.415462,64500.12,183454.300397,76,3805.072896,Online,INR,Accrual,41231.12,22.47,22.3
TXN-00469,2025-04-19,Marketing,327896.838892,259252.084274,68644.75,285835.721921,87,3768.929183,Enterprise,INR,Accrual,-26583.64,-9.3,20.93
TXN-00470,2025-04-20,R&D,403044.743054,356326.194514,46718.55,324825.543854,103,3913.055758,Partner,INR,Actual,31500.65,9.7,11.59
TXN-00471,2025-04-21,Administration,193127.513432,136614.007323,56513.51,145906.006037,98,1970.688913,Enterprise,INR,Accrual,-9292.0,-6.37,29.26
TXN-00472,2025-04-22,Operations,623852.090659,382723.474903,241128.62,354018.08228,92,6781.000985,Online,INR,Actual,28705.39,8.11,38.65
TXN-00473,2025-04-23,Operations,1423904.429164,355901.219182,1068003.21,391732.032181,69,7798.756906,Direct,INR,Accrual,-35830.81,-9.15,75.01
TXN-00474,2025-04-24,IT,376498.484865,258862.940334,117635.54,248588.537491,64,5882.788826,Enterprise,INR,Accrual,10274.4,4.13,31.24
TXN-00475,2025-04-25,R&D,376042.64618,334447.731846,41594.91,303141.660011,123,3057.257286,Partner,INR,Accrual,31306.07,10.33,11.06
TXN-00476,2025-04-26,Finance,206861.607023,130512.340358,76349.27,134925.958327,89,2324.287719,Direct,INR,Accrual,-4413.62,-3.27,36.91
TXN-00477,2025-04-27,R&D,450018.261939,315056.418672,134961.84,323551.94435,86,5232.770488,Partner,INR,Actual,-8495.53,-2.63,29.99
TXN-00478,2025-04-28,Logistics,381647.67027,287623.1689,94024.5,246988.389597,78,4892.91885,Enterprise,INR,Accrual,40634.78,16.45,24.64
TXN-00479,2025-04-29,Operations,500243.702321,375721.525415,124522.18,395639.672085,82,6100.532955,Partner,INR,Accrual,-19918.15,-5.03,24.89
TXN-00480,2025-04-30,Legal,179143.693827,141088.664359,38055.03,123188.651092,109,1643.520127,Direct,INR,Accrual,17900.01,14.53,21.24
TXN-00367,2025-05-01,Administration,206347.363889,141940.475471,64406.89,127475.568818,80,2579.342049,Enterprise,INR,Actual,14464.91,11.35,31.21
TXN-00397,2025-05-02,Marketing,349979.374873,273229.821528,76749.55,272448.775591,104,3365.186297,Online,INR,Actual,781.05,0.29,21.93
TXN-00425,2025-05-03,Sales,700196.105627,383347.915454,316848.19,378478.102823,102,6864.667702,Online,INR,Accrual,4869.81,1.29,45.25
TXN-00455,2025-05-04,Marketing,364819.608963,289233.009742,75586.6,262825.535465,89,4099.09673,Partner,INR,Actual,26407.47,10.05,20.72
TXN-00485,2025-05-05,Customer Support,204910.91541,145159.724942,59751.19,163816.683911,104,1970.297264,Online,INR,Accrual,-18656.96,-11.39,29.16
TXN-00516,2025-05-06,Logistics,403225.836787,286160.406275,117065.43,228652.707925,104,3877.171508,Direct,INR,Actual,57507.7,25.15,29.03
TXN-00545,2025-05-07,R&D,119751.903578,306993.771268,-187241.87,283602.232099,73,5388.641886,Enterprise,INR,Actual,23391.54,8.25,-156.36
TXN-00576,2025-05-08,Logistics,322484.796715,230344.336585,92140.46,216761.843465,98,3290.661191,Partner,INR,Actual,13582.49,6.27,28.57
TXN-00606,2025-05-09,Sales,548340.270243,288307.063247,260033.21,321747.4757,73,7511.510551,Direct,INR,Actual,-33440.41,-10.39,47.42
TXN-00636,2025-05-10,Human Resources,148601.122893,87062.479479,61538.64,105902.203964,100,1486.011229,Enterprise,INR,Accrual,-18839.72,-17.79,41.41
TXN-00667,2025-05-11,IT,373007.782607,203099.427495,169908.36,216274.789313,112,3330.42663,Enterprise,INR,Accrual,-13175.36,-6.09,45.55
TXN-00696,2025-05-12,IT,476116.145437,217282.75863,258833.39,229378.344775,95,5011.748899,Online,INR,Accrual,-12095.59,-5.27,54.36
TXN-00493,2025-05-13,IT,329277.592788,206849.820508,122427.77,234064.711,80,4115.96991,Partner,INR,Actual,-27214.89,-11.63,37.18
TXN-00494,2025-05-14,Finance,203524.672025,132910.351799,70614.32,135364.714149,46,4424.449392,Partner,INR,Actual,-2454.36,-1.81,34.7
TXN-00495,2025-05-15,Administration,192657.542546,149578.024615,43079.52,140250.161206,65,2963.962193,Online,INR,Actual,9327.86,6.65,22.36
TXN-00496,2025-05-16,Human Resources,153233.300197,106784.682822,46448.62,104934.425824,79,1939.662028,Enterprise,INR,Actual,1850.26,1.76,30.31
TXN-00497,2025-05-17,Marketing,370821.775014,262557.019558,108264.76,250364.832229,47,7889.825,Direct,INR,Actual,12192.19,4.87,29.2
TXN-00498,2025-05-18,Logistics,364691.782068,279464.038378,85227.74,237264.937766,118,3090.608323,Direct,INR,Accrual,42199.1,17.79,23.37
TXN-00499,2025-05-19,Legal,139663.378768,111331.208721,28332.17,111880.352866,87,1605.326193,Online,INR,Actual,-549.14,-0.49,20.29
TXN-00500,2025-05-20,Sales,670546.326658,431421.582292,239124.74,394365.320089,43,15594.10062,Partner,INR,Accrual,37056.26,9.4,35.66
TXN-00501,2025-05-21,Sales,603108.959727,347606.229394,255502.73,385319.357501,78,7732.16615,Partner,INR,Actual,-37713.13,-9.79,42.36
TXN-00502,2025-05-22,Sales,645385.489564,409574.205052,235811.28,378848.328854,84,7683.16059,Enterprise,INR,Accrual,30725.88,8.11,36.54
TXN-00503,2025-05-23,Sales,612284.808975,340913.044345,271371.76,406917.697061,85,7203.350694,Online,INR,Actual,-66004.65,-16.22,44.32
TXN-00504,2025-05-24,Sales,555529.214947,419899.896265,135629.32,393415.391418,90,6172.546833,Partner,INR,Actual,26484.5,6.73,24.41
TXN-00505,2025-05-25,IT,398469.879141,215641.029178,182828.85,249019.770249,101,3945.246328,Enterprise,INR,Actual,-33378.74,-13.4,45.88
TXN-00506,2025-05-26,R&D,481457.28367,313627.782469,167829.5,302100.247832,91,5290.739381,Direct,INR,Actual,11527.53,3.82,34.86
TXN-00507,2025-05-27,Procurement,227471.910824,188105.092661,39366.82,202453.576476,83,2740.625432,Online,INR,Accrual,-14348.48,-7.09,17.31
TXN-00508,2025-05-28,R&D,479341.343235,313565.94254,165775.4,323591.658821,101,4745.953893,Enterprise,INR,Actual,-10025.72,-3.1,34.58
TXN-00509,2025-05-29,Administration,54359.869089,142656.90225,-88297.03,141092.48514,90,2136.848323,Enterprise,INR,Accrual,1564.42,1.11,-162.43
TXN-00510,2025-05-30,Legal,160946.130556,176035.988402,-15089.86,109435.12072,74,2174.94771,Direct,INR,Accrual,66600.87,60.86,-9.38
TXN-00511,2025-05-31,Customer Support,206469.737741,146314.954157,60154.78,153793.082006,101,2044.254829,Partner,INR,Accrual,-7478.13,-4.86,29.13
TXN-00368,2025-06-01,Customer Support,199925.046028,134257.813451,65667.23,146462.784972,77,2596.429169,Enterprise,INR,Actual,-12204.97,-8.33,32.85
TXN-00398,2025-06-02,Procurement,342487.860405,180187.065585,162300.79,181348.271541,113,3030.866021,Direct,INR,Accrual,-1161.21,-0.64,47.39
TXN-00426,2025-06-03,Marketing,326056.638219,276319.254909,49737.38,265247.142377,88,3705.189071,Online,INR,Actual,11072.11,4.17,15.25
TXN-00456,2025-06-04,R&D,463374.971854,353193.26972,110181.7,311537.683556,73,6347.602354,Online,INR,Accrual,41655.59,13.37,23.78
TXN-00486,2025-06-05,Administration,233364.768278,154539.853929,78824.91,144365.019516,80,2917.059603,Direct,INR,Accrual,10174.83,7.05,33.78
TXN-00517,2025-06-06,Legal,141004.787178,105764.156381,35240.63,108816.099733,71,1985.982918,Direct,INR,Accrual,-3051.94,-2.8,24.99
TXN-00546,2025-06-07,Customer Support,213636.935061,136628.645831,77008.29,138128.280319,74,2886.985609,Online,INR,Actual,-1499.63,-1.09,36.05
TXN-00577,2025-06-08,Customer Support,197448.319738,146100.509438,51347.81,127437.498452,67,2946.989847,Direct,INR,Actual,18663.01,14.64,26.01
TXN-00607,2025-06-09,IT,342351.056909,175166.067035,167184.99,204522.980703,79,4333.557682,Enterprise,INR,Actual,-29356.91,-14.35,48.83
TXN-00637,2025-06-10,Operations,439691.768004,314215.226265,125476.54,343690.666233,106,4148.035547,Partner,INR,Accrual,-29475.44,-8.58,28.54
TXN-00668,2025-06-11,Finance,180104.489314,155944.564991,24159.92,131618.43801,94,1916.005205,Online,INR,Accrual,24326.13,18.48,13.41
TXN-00697,2025-06-12,Legal,178562.347397,108869.371224,69692.98,109143.289547,96,1860.024452,Partner,INR,Actual,-273.92,-0.25,39.03
TXN-00524,2025-06-13,Legal,172793.427585,131284.81543,41508.61,111246.424335,86,2009.225902,Online,INR,Accrual,20038.39,18.01,24.02
TXN-00525,2025-06-14,Marketing,293582.408759,647948.719261,-354366.31,251563.859192,98,2995.738865,Direct,INR,Actual,396384.86,157.57,-120.7
TXN-00526,2025-06-16,Legal,163607.24293,159686.053795,3921.19,103863.259024,80,2045.090537,Partner,INR,Actual,55822.79,53.75,2.4
TXN-00527,2025-06-17,Finance,209109.513485,123918.51122,85191.0,115979.911522,66,3168.325962,Partner,INR,Actual,7938.6,6.84,40.74
TXN-00528,2025-06-18,Legal,172112.620496,96113.725151,75998.9,110553.036697,57,3019.519658,Enterprise,INR,Actual,-14439.31,-13.06,44.16
TXN-00529,2025-06-19,Finance,254527.278058,119014.033861,135513.24,122199.172416,93,2736.852452,Enterprise,INR,Actual,-3185.14,-2.61,53.24
TXN-00530,2025-06-20,Marketing,267901.764352,257254.358168,10647.41,237398.541582,47,5700.037539,Partner,INR,Actual,19855.82,8.36,3.97
TXN-00531,2025-06-21,Administration,199314.797172,136105.786043,63209.01,135485.42585,85,2344.879967,Enterprise,INR,Actual,620.36,0.46,31.71
TXN-00532,2025-06-22,Marketing,331185.235504,270969.786988,60215.45,233491.643131,78,4245.964558,Partner,INR,Actual,37478.14,16.05,18.18
TXN-00533,2025-06-23,Administration,216512.640966,136458.379938,80054.26,140715.70187,61,3549.387557,Partner,INR,Actual,-4257.32,-3.03,36.97
TXN-00534,2025-06-24,Procurement,271760.367423,164998.277686,106762.09,189951.764759,91,2986.377664,Direct,INR,Accrual,-24953.49,-13.14,39.29
TXN-00535,2025-06-25,Sales,596846.463076,379451.79587,217394.67,339630.942974,94,6349.430458,Partner,INR,Actual,39820.85,11.72,36.42
TXN-00536,2025-06-26,Administration,203438.087564,162082.677206,41355.41,145495.017832,76,2676.816942,Enterprise,INR,Accrual,16587.66,11.4,20.33
TXN-00537,2025-06-27,Logistics,297795.137292,236705.226438,61089.91,246286.289872,91,3272.474036,Direct,INR,Actual,-9581.06,-3.89,20.51
TXN-00538,2025-06-28,Customer Support,197864.103178,151111.976378,46752.13,153308.278651,69,2867.595698,Online,INR,Accrual,-2196.3,-1.43,23.63
TXN-00539,2025-06-29,Logistics,339276.637996,227531.412834,111745.23,258450.395301,90,3769.740422,Partner,INR,Accrual,-30918.98,-11.96,32.94
TXN-00540,2025-06-30,Legal,167380.646959,111242.541869,56138.11,117211.441056,88,1902.052806,Enterprise,INR,Accrual,-5968.9,-5.09,33.54
TXN-00369,2025-07-01,Customer Support,206130.415008,122465.116166,83665.3,145284.592359,92,2240.547989,Online,INR,Accrual,-22819.48,-15.71,40.59
TXN-00399,2025-07-02,Customer Support,199708.644921,156882.263115,42826.38,160902.072564,73,2735.734862,Enterprise,INR,Accrual,-4019.81,-2.5,21.44
TXN-00427,2025-07-03,Customer Support,182969.87859,160650.242731,22319.64,158016.5084,75,2439.598381,Direct,INR,Accrual,2633.73,1.67,12.2
TXN-00457,2025-07-04,Operations,493098.834517,393773.049927,99325.78,354956.370274,98,5031.62076,Online,INR,Actual,38816.68,10.94,20.14
TXN-00487,2025-07-05,Customer Support,254914.794927,143336.358242,111578.44,164295.956059,76,3354.142039,Online,INR,Actual,-20959.6,-12.76,43.77
TXN-00518,2025-07-06,Administration,165375.072727,147832.887464,17542.19,137067.983261,100,1653.750727,Direct,INR,Accrual,10764.9,7.85,10.61
TXN-00547,2025-07-07,Human Resources,144110.251909,96856.020501,47254.23,96085.90826,100,1441.102519,Partner,INR,Accrual,770.11,0.8,32.79
TXN-00578,2025-07-08,Marketing,339943.364675,255360.027616,84583.34,222126.193711,65,5229.897918,Online,INR,Accrual,33233.83,14.96,24.88
TXN-00608,2025-07-09,R&D,369210.280751,300916.772999,68293.51,292356.601712,100,3692.102808,Direct,INR,Actual,8560.17,2.93,18.5
TXN-00638,2025-07-10,Operations,571320.421716,354739.639293,216580.78,353195.158572,90,6348.004686,Online,INR,Actual,1544.48,0.44,37.91
TXN-00669,2025-07-11,Sales,634288.4842,866814.468577,-232525.98,370210.246526,100,6342.884842,Enterprise,INR,Actual,496604.22,134.14,-36.66
TXN-00698,2025-07-12,Finance,226683.885405,120567.585518,106116.3,122785.709183,109,2079.668673,Partner,INR,Accrual,-2218.12,-1.81,46.81
TXN-00553,2025-07-13,R&D,284519.861125,258223.115136,26296.75,310669.744799,102,2789.410403,Direct,INR,Accrual,-52446.63,-16.88,9.24
TXN-00554,2025-07-14,Procurement,229544.197763,164813.361816,64730.84,176139.720683,115,1996.036502,Enterprise,INR,Actual,-11326.36,-6.43,28.2
TXN-00555,2025-07-15,Sales,592324.129488,396836.800089,195487.33,364893.590943,104,5695.424322,Direct,INR,Accrual,31943.21,8.75,33.0
TXN-00556,2025-07-16,Administration,170833.676607,108035.123775,62798.55,133846.695762,100,1708.336766,Direct,INR,Actual,-25811.57,-19.28,36.76
TXN-00557,2025-07-17,Operations,477530.395775,347572.950718,129957.45,359758.917197,38,12566.589362,Enterprise,INR,Accrual,-12185.97,-3.39,27.21
TXN-00558,2025-07-18,Operations,475876.60157,342635.758752,133240.84,321107.981134,93,5116.952705,Direct,INR,Accrual,21527.78,6.7,28.0
TXN-00559,2025-07-19,Finance,231339.088661,110182.15185,121156.94,120628.053002,129,1793.326269,Partner,INR,Accrual,-10445.9,-8.66,52.37
TXN-00560,2025-07-20,Human Resources,170990.233094,107269.022363,63721.21,106321.544966,107,1598.039562,Direct,INR,Accrual,947.48,0.89,37.27
TXN-00561,2025-07-21,Sales,514563.331224,360233.636938,154329.69,340609.894441,87,5914.521049,Partner,INR,Accrual,19623.74,5.76,29.99
TXN-00562,2025-07-22,Legal,156489.127871,115428.651651,41060.48,109961.628245,102,1534.207136,Direct,INR,Accrual,5467.02,4.97,26.24
TXN-00563,2025-07-23,Sales,612823.497528,357820.096084,255003.4,345424.980639,81,7565.722192,Partner,INR,Actual,12395.12,3.59,41.61
TXN-00564,2025-07-24,IT,410594.393443,218638.288911,191956.1,206620.748045,77,5332.39472,Partner,INR,Actual,12017.54,5.82,46.75
TXN-00565,2025-07-25,Human Resources,143620.995174,145770.039641,-2149.04,95010.486206,86,1670.011572,Enterprise,INR,Actual,50759.55,53.43,-1.5
TXN-00566,2025-07-26,Operations,464853.423607,318291.894891,146561.53,332401.881944,97,4792.303336,Enterprise,INR,Actual,-14109.99,-4.24,31.53
TXN-00567,2025-07-27,R&D,342290.386145,316612.120605,25678.27,280471.093221,106,3229.154586,Direct,INR,Actual,36141.03,12.89,7.5
TXN-00568,2025-07-28,Legal,140971.030104,128474.379009,12496.65,103155.006744,100,1409.710301,Direct,INR,Actual,25319.37,24.54,8.86
TXN-00569,2025-07-29,IT,368004.874751,218612.352237,149392.52,212482.354134,86,4279.126451,Online,INR,Actual,6130.0,2.88,40.6
TXN-00570,2025-07-30,Finance,233425.67245,102890.611157,130535.06,116403.889894,73,3197.611951,Direct,INR,Actual,-13513.28,-11.61,55.92
TXN-00571,2025-07-31,Customer Support,191480.704097,145219.94173,46260.76,144980.936432,63,3039.376256,Direct,INR,Accrual,239.01,0.16,24.16
TXN-00370,2025-08-01,IT,406129.468178,251456.615286,154672.85,228156.806524,87,4668.154807,Direct,INR,Actual,23299.81,10.21,38.08
TXN-00400,2025-08-02,Operations,533308.575527,377901.51563,155407.06,369540.532449,101,5280.282926,Direct,INR,Actual,8360.98,2.26,29.14
TXN-00428,2025-08-03,Operations,556040.722866,389059.53466,166981.19,359916.081696,113,4920.714362,Partner,INR,Accrual,29143.45,8.1,30.03
TXN-00458,2025-08-04,Sales,734635.809046,384346.289631,350289.52,391142.578965,49,14992.567532,Enterprise,INR,Accrual,-6796.29,-1.74,47.68
TXN-00488,2025-08-05,Human Resources,123509.708437,95218.404586,28291.3,110068.212301,114,1083.418495,Enterprise,INR,Accrual,-14849.81,-13.49,22.91
TXN-00519,2025-08-06,Marketing,344772.805875,238850.673114,105922.13,254404.250385,73,4722.915149,Direct,INR,Actual,-15553.58,-6.11,30.72
TXN-00548,2025-08-07,Procurement,228825.827028,189407.182905,39418.64,165784.202005,112,2043.087741,Enterprise,INR,Accrual,23622.98,14.25,17.23
TXN-00579,2025-08-08,Finance,181816.58075,97317.789835,84498.79,121414.474555,91,1997.984404,Online,INR,Accrual,-24096.68,-19.85,46.47
TXN-00609,2025-08-09,R&D,360533.312545,278106.811611,82426.5,271762.023679,65,5546.666347,Direct,INR,Accrual,6344.79,2.33,22.86
TXN-00639,2025-08-10,Administration,166370.739235,138046.680112,28324.06,128475.144694,97,1715.16226,Partner,INR,Accrual,9571.54,7.45,17.02
TXN-00670,2025-08-11,Sales,588366.292381,305465.719025,282900.57,369875.973821,100,5883.662924,Partner,INR,Actual,-64410.25,-17.41,48.08
TXN-00699,2025-08-12,Sales,662029.027522,424891.584642,237137.44,409843.37728,107,6187.187173,Partner,INR,Actual,15048.21,3.67,35.82
TXN-00584,2025-08-13,Operations,601880.903513,378177.875266,223703.03,305250.899755,95,6335.588458,Direct,INR,Actual,72926.98,23.89,37.17
TXN-00585,2025-08-14,Administration,172348.014775,122889.047345,49458.97,132370.863491,92,1873.347987,Online,INR,Accrual,-9481.82,-7.16,28.7
TXN-00586,2025-08-15,Administration,193518.583307,125798.614357,67719.97,123460.407207,93,2080.844982,Partner,INR,Actual,2338.21,1.89,34.99
TXN-00587,2025-08-16,Human Resources,132396.748525,94983.588236,37413.16,94600.428389,85,1557.608806,Online,INR,Actual,383.16,0.41,28.26
TXN-00588,2025-08-17,Logistics,314429.871823,248817.813441,65612.06,237298.082889,76,4137.235156,Direct,INR,Actual,11519.73,4.85,20.87
TXN-00589,2025-08-18,Customer Support,166322.226375,140138.636938,26183.59,145042.032013,97,1714.662128,Partner,INR,Accrual,-4903.4,-3.38,15.74
TXN-00590,2025-08-19,Customer Support,182861.878991,143848.870925,39013.01,135169.326737,93,1966.256763,Online,INR,Actual,8679.54,6.42,21.33
TXN-00591,2025-08-20,IT,313434.826318,213679.312459,99755.51,206728.069716,96,3264.946107,Direct,INR,Accrual,6951.24,3.36,31.83
TXN-00592,2025-08-21,Operations,481117.683048,344477.149451,136640.53,355629.662892,67,7180.860941,Online,INR,Actual,-11152.51,-3.14,28.4
TXN-00593,2025-08-22,Procurement,210303.924336,167762.547313,42541.38,173995.771938,88,2389.817322,Online,INR,Actual,-6233.22,-3.58,20.23
TXN-00594,2025-08-23,Finance,208451.749599,123757.305272,84694.44,123968.747446,65,3206.949994,Enterprise,INR,Accrual,-211.44,-0.17,40.63
TXN-00595,2025-08-24,Customer Support,160446.7896,156147.078728,4299.71,132512.886631,79,2030.97202,Online,INR,Accrual,23634.19,17.84,2.68
TXN-00596,2025-08-25,Logistics,285717.375115,193074.445293,92642.93,215994.802197,90,3174.637501,Direct,INR,Accrual,-22920.36,-10.61,32.42
TXN-00597,2025-08-26,Customer Support,193721.637157,133918.95538,59802.68,127877.630638,63,3074.946622,Online,INR,Accrual,6041.32,4.72,30.87
TXN-00598,2025-08-27,Finance,193040.378908,116095.180909,76945.2,120240.848457,56,3447.149623,Online,INR,Actual,-4145.67,-3.45,39.86
TXN-00599,2025-08-28,Marketing,293731.346769,246881.903552,46849.44,236778.137424,111,2646.228349,Direct,INR,Accrual,10103.77,4.27,15.95
TXN-00600,2025-08-29,IT,313365.60727,200896.346812,112469.26,208045.138047,109,2874.913828,Direct,INR,Actual,-7148.79,-3.44,35.89
TXN-00601,2025-08-31,Procurement,235646.191561,191788.728154,43857.46,180754.721061,49,4809.10595,Partner,INR,Accrual,11034.01,6.1,18.61
TXN-00371,2025-09-01,Human Resources,127304.54311,107680.199481,19624.34,99894.616991,53,2401.972512,Direct,INR,Actual,7785.58,7.79,15.42
TXN-00401,2025-09-02,Administration,170523.728225,157640.824599,12882.9,133379.695486,60,2842.062137,Partner,INR,Accrual,24261.13,18.19,7.55
TXN-00429,2025-09-03,Finance,223135.704905,118862.306447,104273.4,126622.584361,77,2897.866297,Direct,INR,Actual,-7760.28,-6.13,46.73
TXN-00459,2025-09-04,Human Resources,146911.377883,112741.797138,34169.58,119625.242671,83,1770.016601,Enterprise,INR,Accrual,-6883.45,-5.75,23.26
TXN-00489,2025-09-05,Administration,507492.811671,136668.413695,370824.4,139330.872235,62,3050.130521,Direct,INR,Actual,-2662.46,-1.91,73.07
TXN-00520,2025-09-06,Finance,231671.666908,126007.024775,105664.64,120589.507394,94,2464.592201,Online,INR,Accrual,5417.52,4.49,45.61
TXN-00549,2025-09-07,Logistics,282137.324602,232480.233093,49657.09,236707.91827,83,3399.244875,Online,INR,Actual,-4227.69,-1.79,17.6
TXN-00580,2025-09-08,Operations,446167.020757,339159.969177,107007.05,310413.733726,87,5128.35656,Partner,INR,Accrual,28746.24,9.26,23.98
TXN-00610,2025-09-09,Marketing,259575.515121,226426.762816,33148.75,212799.640604,98,2648.729746,Partner,INR,Accrual,13627.12,6.4,12.77
TXN-00640,2025-09-10,Legal,140797.420711,112438.21189,28359.21,97916.751832,79,1782.245832,Partner,INR,Actual,14521.46,14.83,20.14
TXN-00671,2025-09-11,Administration,178247.402366,127899.372094,50348.03,143552.609439,61,2922.088563,Online,INR,Accrual,-15653.24,-10.9,28.25
TXN-00700,2025-09-12,Operations,556577.617924,378277.386269,178300.23,354324.083407,99,5621.996141,Direct,INR,Accrual,23953.3,6.76,32.04
TXN-00614,2025-09-13,Sales,522887.112558,358810.704298,164076.41,362194.58151,75,6971.828167,Enterprise,INR,Accrual,-3383.88,-0.93,31.38
TXN-00615,2025-09-14,Administration,166353.507843,120166.782159,46186.73,121463.430654,68,2446.375115,Partner,INR,Actual,-1296.65,-1.07,27.76
TXN-00616,2025-09-15,Human Resources,116149.593208,75775.121917,40374.47,95827.128185,78,1489.097349,Enterprise,INR,Actual,-20052.01,-20.93,34.76
TXN-00617,2025-09-16,Human Resources,134637.468031,88494.526789,46142.94,103275.434672,74,1819.425244,Enterprise,INR,Actual,-14780.91,-14.31,34.27
TXN-00618,2025-09-17,Operations,492522.811263,298848.257177,193674.55,308637.819303,53,9292.883231,Direct,INR,Actual,-9789.56,-3.17,39.32
TXN-00619,2025-09-18,Operations,466181.847956,316333.930946,149847.92,338760.800586,94,4959.381361,Online,INR,Accrual,-22426.87,-6.62,32.14
TXN-00620,2025-09-19,Operations,420206.037837,293169.273381,127036.76,308633.953357,65,6464.708274,Partner,INR,Actual,-15464.68,-5.01,30.23
TXN-00621,2025-09-20,Operations,508235.063193,296391.056705,211844.01,345732.655151,102,4982.696698,Direct,INR,Actual,-49341.6,-14.27,41.68
TXN-00622,2025-09-21,Human Resources,138520.987275,102845.712164,35675.28,92010.99787,122,1135.417928,Enterprise,INR,Actual,10834.71,11.78,25.75
TXN-00623,2025-09-22,Administration,179744.068775,148591.549671,31152.52,133414.428666,79,2275.241377,Direct,INR,Actual,15177.12,11.38,17.33
TXN-00624,2025-09-23,Human Resources,109594.152754,119341.630942,-9747.48,101272.493274,67,1635.733623,Enterprise,INR,Accrual,18069.14,17.84,-8.89
TXN-00625,2025-09-24,Procurement,234581.503721,176601.037257,57980.47,178758.114158,111,2113.34688,Direct,INR,Actual,-2157.08,-1.21,24.72
TXN-00626,2025-09-25,Marketing,293738.403533,226315.975248,67422.43,230057.471976,55,5340.698246,Enterprise,INR,Actual,-3741.5,-1.63,22.95
TXN-00627,2025-09-26,Administration,175838.613479,133632.143053,42206.47,128245.541273,72,2442.202965,Partner,INR,Accrual,5386.6,4.2,24.0
TXN-00628,2025-09-27,Marketing,285896.690855,249930.48656,35966.2,223997.990607,93,3074.157966,Direct,INR,Actual,25932.5,11.58,12.58
TXN-00629,2025-09-28,Sales,516217.542881,329949.9071,186267.64,314099.423859,97,5321.830339,Online,INR,Actual,15850.48,5.05,36.08
TXN-00630,2025-09-29,Customer Support,185650.70669,127636.625939,58014.08,127602.041734,97,1913.924811,Enterprise,INR,Actual,34.58,0.03,31.25
TXN-00631,2025-09-30,Operations,490137.315961,309568.262175,180569.05,309153.435146,56,8752.452071,Online,INR,Accrual,414.83,0.13,36.84
TXN-00372,2025-10-01,IT,307833.851159,237076.261343,70757.59,211561.198766,79,3896.631027,Direct,INR,Accrual,25515.06,12.06,22.99
TXN-00402,2025-10-02,Administration,171245.916911,153944.082842,17301.83,152597.170491,87,1968.343873,Partner,INR,Actual,1346.91,0.88,10.1
TXN-00430,2025-10-03,Human Resources,161023.387469,98610.823473,62412.56,112717.017356,93,1731.434274,Partner,INR,Actual,-14106.19,-12.51,38.76
TXN-00460,2025-10-04,Legal,171580.072636,141927.9137,29652.16,120468.037648,85,2018.58909,Enterprise,INR,Actual,21459.88,17.81,17.28
TXN-00490,2025-10-05,IT,400165.947393,252357.249038,147808.7,245849.564537,102,3923.195563,Partner,INR,Actual,6507.68,2.65,36.94
TXN-00521,2025-10-06,Administration,148613.826741,132382.282169,16231.54,139294.736738,96,1548.060695,Enterprise,INR,Actual,-6912.45,-4.96,10.92
TXN-00550,2025-10-07,Procurement,199128.033574,174901.366617,24226.67,181588.041075,88,2262.818563,Online,INR,Accrual,-6686.67,-3.68,12.17
TXN-00581,2025-10-08,R&D,421282.531259,288424.614359,132857.92,278559.639502,100,4212.825313,Direct,INR,Actual,9864.97,3.54,31.54
TXN-00611,2025-10-09,Sales,529980.170853,371958.629609,158021.54,324908.638481,67,7910.151804,Enterprise,INR,Actual,47049.99,14.48,29.82
TXN-00641,2025-10-10,Administration,188518.319838,130133.238579,58385.08,137983.845828,95,1984.403367,Direct,INR,Actual,-7850.61,-5.69,30.97
TXN-00672,2025-10-11,Legal,144600.360813,108822.189437,35778.17,106085.350362,60,2410.006014,Enterprise,INR,Actual,2736.84,2.58,24.74
TXN-00701,2025-10-12,Administration,177552.432364,160564.919008,16987.51,141708.777597,113,1571.260463,Direct,INR,Accrual,18856.14,13.31,9.57
TXN-00644,2025-10-13,Finance,157051.454176,116538.790981,40512.66,114107.329435,102,1539.720139,Online,INR,Actual,2431.46,2.13,25.8
TXN-00645,2025-10-14,Sales,688249.402678,318671.196782,369578.21,357090.52799,70,9832.134324,Partner,INR,Accrual,-38419.33,-10.76,53.7
TXN-00646,2025-10-15,Finance,193642.893491,109498.006727,84144.89,118924.034319,91,2127.943885,Enterprise,INR,Actual,-9426.03,-7.93,43.45
TXN-00647,2025-10-16,Procurement,235179.689152,191364.502057,43815.19,179982.002316,63,3733.010939,Enterprise,INR,Actual,11382.5,6.32,18.63
TXN-00648,2025-10-17,Operations,503846.802202,333642.883811,170203.92,352014.555649,49,10282.5878,Partner,INR,Actual,-18371.67,-5.22,33.78
TXN-00649,2025-10-18,Customer Support,189470.425417,128217.931866,61252.49,141987.079433,69,2745.948194,Partner,INR,Accrual,-13769.15,-9.7,32.33
TXN-00650,2025-10-19,Procurement,237399.933544,173361.222304,64038.71,161690.811414,92,2580.43406,Partner,INR,Accrual,11670.41,7.22,26.98
TXN-00651,2025-10-20,Logistics,382325.16028,229442.675293,152882.48,220736.272716,101,3785.397627,Online,INR,Actual,8706.4,3.94,39.99
TXN-00652,2025-10-21,Customer Support,163351.769628,126933.946118,36417.82,149018.74123,87,1877.606547,Partner,INR,Actual,-22084.8,-14.82,22.29
TXN-00653,2025-10-22,Procurement,205509.166467,171568.637034,33940.53,179497.049585,48,4281.440968,Online,INR,Actual,-7928.41,-4.42,16.52
TXN-00654,2025-10-23,IT,365010.236943,206148.812763,158861.42,222301.523649,82,4451.344353,Direct,INR,Accrual,-16152.71,-7.27,43.52
TXN-00655,2025-10-24,R&D,396657.948855,301177.179357,95480.77,311952.093681,63,6296.157918,Enterprise,INR,Accrual,-10774.91,-3.45,24.07
TXN-00656,2025-10-25,R&D,438118.273566,278594.139445,159524.13,295875.253688,78,5616.900943,Partner,INR,Actual,-17281.11,-5.84,36.41
TXN-00657,2025-10-26,Logistics,310061.946017,259755.33383,50306.61,214645.534142,67,4627.790239,Direct,INR,Accrual,45109.8,21.02,16.22
TXN-00658,2025-10-27,Human Resources,134788.641309,93009.204298,41779.44,107309.373476,80,1684.858016,Partner,INR,Accrual,-14300.17,-13.33,31.0
TXN-00659,2025-10-28,Logistics,756944.11473,263227.9227,493716.19,228800.732943,67,5463.585814,Online,INR,Accrual,34427.19,15.05,65.22
TXN-00660,2025-10-29,Procurement,188626.773412,180625.669841,8001.1,164514.229072,87,2168.123832,Direct,INR,Actual,16111.44,9.79,4.24
TXN-00661,2025-10-30,Procurement,213720.372111,175299.542692,38420.83,184547.17671,69,3097.396697,Enterprise,INR,Accrual,-9247.63,-5.01,17.98
TXN-00662,2025-10-31,Human Resources,128337.440527,93850.341432,34487.1,94074.665477,97,1323.066397,Online,INR,Actual,-224.32,-0.24,26.87
TXN-00373,2025-11-01,IT,273852.166779,202016.33088,71835.84,243327.388318,69,3968.871982,Partner,INR,Actual,-41311.06,-16.98,26.23
TXN-00403,2025-11-02,Operations,554202.251914,368407.815545,185794.44,347410.870969,83,6677.135565,Online,INR,Accrual,20996.94,6.04,33.52
TXN-00431,2025-11-03,Procurement,244782.774679,220844.364968,23938.41,202384.372589,94,2604.072071,Direct,INR,Actual,18459.99,9.12,9.78
TXN-00461,2025-11-04,IT,453975.117263,687423.403816,-233448.29,253601.273543,93,4881.452874,Partner,INR,Actual,433822.13,171.06,-51.42
TXN-00491,2025-11-05,Human Resources,133457.823094,100117.864872,33339.96,106277.717388,138,967.085675,Online,INR,Actual,-6159.85,-5.8,24.98
TXN-00522,2025-11-06,Procurement,261765.952996,168255.03789,93510.92,181280.487108,110,2379.690482,Online,INR,Actual,-13025.45,-7.19,35.72
TXN-00551,2025-11-07,Marketing,350487.630764,231123.992633,119363.64,240731.476831,105,3337.977436,Partner,INR,Accrual,-9607.48,-3.99,34.06
TXN-00582,2025-11-08,Administration,186849.991568,127163.116264,59686.88,130439.288029,104,1796.634534,Enterprise,INR,Accrual,-3276.17,-2.51,31.94
TXN-00612,2025-11-09,Operations,541025.579551,280388.099643,260637.48,338722.122204,91,5945.336039,Partner,INR,Accrual,-58334.02,-17.22,48.17
TXN-00642,2025-11-10,R&D,516129.161626,789111.726619,-272982.56,313504.351043,65,7940.44864,Partner,INR,Actual,475607.38,151.71,-52.89
TXN-00673,2025-11-11,Marketing,312898.269931,279123.691114,33774.58,259273.123474,107,2924.282897,Online,INR,Actual,19850.57,7.66,10.79
TXN-00702,2025-11-12,R&D,515635.093635,325874.091188,189761.0,308974.048162,61,8453.034322,Enterprise,INR,Accrual,16900.04,5.47,36.8
TXN-00675,2025-11-13,Finance,235982.058632,146737.508727,89244.55,117064.473745,87,2712.437456,Direct,INR,Actual,29673.03,25.35,37.82
TXN-00676,2025-11-15,Legal,143582.747052,118777.550935,24805.2,104075.840873,64,2243.480423,Online,INR,Actual,14701.71,14.13,17.28
TXN-00677,2025-11-16,Finance,200800.30892,117413.015037,83387.29,121114.88507,82,2448.784255,Online,INR,Actual,-3701.87,-3.06,41.53
TXN-00678,2025-11-17,Finance,199986.820133,119625.536003,80361.28,117348.010883,95,2105.124422,Partner,INR,Accrual,2277.53,1.94,40.18
TXN-00679,2025-11-18,Finance,250677.544643,146401.760179,104275.78,130885.819212,94,2666.78239,Online,INR,Actual,15515.94,11.85,41.6
TXN-00680,2025-11-19,Procurement,248616.917959,220230.961802,28385.96,168993.664671,95,2617.020189,Partner,INR,Accrual,51237.3,30.32,11.42
TXN-00681,2025-11-20,Customer Support,191052.363524,144147.751007,46904.61,139247.583736,55,3473.679337,Online,INR,Actual,4900.17,3.52,24.55
TXN-00682,2025-11-21,Legal,154776.328175,123454.207497,31322.12,103660.160911,101,1532.438893,Direct,INR,Actual,19794.05,19.1,20.24
TXN-00683,2025-11-22,Legal,141368.350301,112824.417434,28543.93,102924.161084,105,1346.365241,Partner,INR,Accrual,9900.26,9.62,20.19
TXN-00684,2025-11-23,R&D,473248.09124,296253.451498,176994.64,297983.949297,83,5701.784232,Direct,INR,Actual,-1730.5,-0.58,37.4
TXN-00685,2025-11-24,Marketing,322762.693502,248530.985399,74231.71,232019.317507,61,5291.191697,Enterprise,INR,Accrual,16511.67,7.12,23.0
TXN-00686,2025-11-25,Marketing,305077.804925,261541.05328,43536.75,249187.232962,103,2961.920436,Direct,INR,Actual,12353.82,4.96,14.27
TXN-00687,2025-11-26,Administration,173507.178666,131200.970479,42306.21,132228.035655,94,1845.82105,Direct,INR,Actual,-1027.07,-0.78,24.38
TXN-00688,2025-11-27,Administration,170713.52707,166791.567403,3921.96,140716.222591,81,2107.574408,Direct,INR,Actual,26075.34,18.53,2.3
TXN-00689,2025-11-28,Customer Support,188768.073848,162355.428068,26412.65,152787.814576,115,1641.461512,Partner,INR,Accrual,9567.61,6.26,13.99
TXN-00690,2025-11-29,Legal,128704.087534,106598.165139,22105.92,115163.817598,122,1054.951537,Direct,INR,Actual,-8565.65,-7.44,17.18
TXN-00691,2025-11-30,Administration,160628.75701,157053.126394,3575.63,127669.66651,109,1473.658321,Partner,INR,Actual,29383.46,23.02,2.23
TXN-00374,2025-12-01,Human Resources,143809.015103,135404.591941,8404.42,101167.554784,52,2765.557983,Online,INR,Actual,34237.04,33.84,5.84
TXN-00404,2025-12-02,Legal,196509.036057,122782.904546,73726.13,110986.224264,101,1945.63402,Online,INR,Actual,11796.68,10.63,37.52
TXN-00432,2025-12-03,Customer Support,212605.64573,157037.500455,55568.15,163769.73653,62,3429.123318,Partner,INR,Accrual,-6732.24,-4.11,26.14
TXN-00462,2025-12-04,Administration,179588.985209,150719.456196,28869.53,152291.403162,79,2273.278294,Partner,INR,Accrual,-1571.95,-1.03,16.08
TXN-00492,2025-12-05,Logistics,390189.072149,263420.544992,126768.53,244483.637882,94,4150.947576,Enterprise,INR,Actual,18936.91,7.75,32.49
TXN-00523,2025-12-06,Operations,526657.363888,308200.389141,218456.97,328638.040442,62,8494.473611,Enterprise,INR,Accrual,-20437.65,-6.22,41.48
TXN-00552,2025-12-07,Procurement,254761.727682,171293.37313,83468.35,167080.260694,100,2547.617277,Direct,INR,Actual,4213.11,2.52,32.76
TXN-00583,2025-12-08,Logistics,322556.144806,235897.878711,86658.27,211124.357076,64,5039.939763,Enterprise,INR,Actual,24773.52,11.73,26.87
TXN-00613,2025-12-09,Procurement,230394.139374,153342.954728,77051.18,161100.142723,81,2844.372091,Partner,INR,Actual,-7757.19,-4.82,33.44
TXN-00643,2025-12-10,Customer Support,184864.203716,132251.967479,52612.24,130805.566341,110,1680.58367,Direct,INR,Accrual,1446.4,1.11,28.46
TXN-00674,2025-12-11,Procurement,261046.657158,191379.621218,69667.04,172172.219281,78,3346.752015,Enterprise,INR,Accrual,19207.4,11.16,26.69
TXN-00703,2025-12-12,Human Resources,169079.021189,96724.406934,72354.61,110094.092342,77,2195.831444,Direct,INR,Accrual,-13369.69,-12.14,42.79
TXN-00704,2025-12-13,Sales,700868.220588,382561.304752,318306.92,390267.465016,102,6871.257065,Direct,INR,Actual,-7706.16,-1.97,45.42
TXN-00705,2025-12-14,Marketing,298144.244893,278124.087793,20020.16,246371.378818,59,5053.292286,Enterprise,INR,Actual,31752.71,12.89,6.71
TXN-00706,2025-12-15,IT,416757.80729,201214.84984,215542.96,252487.404806,65,6411.658574,Online,INR,Accrual,-51272.55,-20.31,51.72
TXN-00707,2025-12-16,Procurement,241592.820378,165986.195866,75606.62,184321.777676,85,2842.268475,Partner,INR,Actual,-18335.58,-9.95,31.3
TXN-00708,2025-12-17,Logistics,353197.832172,272181.320814,81016.51,263569.101648,98,3604.059512,Direct,INR,Accrual,8612.22,3.27,22.94
TXN-00709,2025-12-18,Administration,185772.294067,149906.769716,35865.52,146528.097656,70,2653.889915,Partner,INR,Accrual,3378.67,2.31,19.31
TXN-00710,2025-12-19,Legal,186350.50713,133174.839583,53175.67,113494.048969,98,1901.535787,Partner,INR,Accrual,19680.79,17.34,28.54
TXN-00711,2025-12-20,Finance,243969.965268,131631.803751,112338.16,137638.265475,93,2623.33296,Enterprise,INR,Actual,-6006.46,-4.36,46.05
TXN-00712,2025-12-21,Finance,237117.213148,127187.512368,109929.7,140702.563953,91,2605.683661,Partner,INR,Accrual,-13515.05,-9.61,46.36
TXN-00713,2025-12-22,Finance,228356.635321,132474.820858,95881.81,126284.846787,78,2927.649171,Online,INR,Actual,6189.97,4.9,41.99
TXN-00714,2025-12-23,Procurement,337063.264069,200925.332639,136137.93,182731.741417,94,3585.779405,Enterprise,INR,Accrual,18193.59,9.96,40.39
TXN-00715,2025-12-24,Procurement,251445.072097,209759.747556,41685.32,179902.548306,64,3928.829252,Partner,INR,Actual,29857.2,16.6,16.58
TXN-00716,2025-12-25,Marketing,349272.563988,262213.52691,87059.04,245087.733597,82,4259.421512,Direct,INR,Accrual,17125.79,6.99,24.93
TXN-00717,2025-12-26,Procurement,282553.804858,204422.011029,78131.79,207667.873525,99,2854.078837,Online,INR,Actual,-3245.86,-1.56,27.65
TXN-00718,2025-12-27,Sales,623348.167215,362150.541247,261197.63,396905.327164,88,7083.5019,Partner,INR,Actual,-34754.79,-8.76,41.9
TXN-00719,2025-12-28,Finance,220691.797994,154582.791481,66109.01,138725.18272,64,3448.309344,Partner,INR,Accrual,15857.61,11.43,29.96
TXN-00720,2025-12-29,IT,361005.130426,213022.763712,147982.37,240774.866768,115,3139.175047,Partner,INR,Actual,-27752.1,-11.53,40.99
TXN-00721,2025-12-30,Sales,739600.487057,382856.509874,356743.98,408585.580994,74,9994.601176,Enterprise,INR,Accrual,-25729.07,-6.3,48.23
TXN-00722,2025-12-31,Sales,672042.262155,361878.353949,310163.91,395186.084572,77,8727.821586,Direct,INR,Accrual,-33307.73,-8.43,46.15
TXN-00723,2026-01-01,Marketing,380425.443126,314799.026421,65626.42,266080.157604,102,3729.661207,Enterprise,INR,Actual,48718.87,18.31,17.25
TXN-00753,2026-01-02,Legal,163267.866906,137827.246642,25440.62,129798.042469,43,3796.927137,Direct,INR,Actual,8029.2,6.19,15.58
TXN-00781,2026-01-03,Logistics,369578.966309,307473.824943,62105.14,299665.54348,87,4248.034096,Enterprise,INR,Accrual,7808.28,2.61,16.8
TXN-00812,2026-01-04,Operations,569756.812291,449391.493551,120365.32,451777.570983,92,6193.008829,Enterprise,INR,Actual,-2386.08,-0.53,21.13
TXN-00841,2026-01-05,Human Resources,167268.962018,117033.282621,50235.68,117805.334107,99,1689.585475,Online,INR,Actual,-772.05,-0.66,30.03
TXN-00872,2026-01-06,R&D,446849.105156,374387.055466,72462.05,327004.878236,54,8274.983429,Direct,INR,Actual,47382.18,14.49,16.22
TXN-00735,2026-01-13,Logistics,311773.947017,887278.166425,-575504.22,282776.48842,80,3897.174338,Direct,INR,Actual,604501.68,213.77,-184.59
TXN-00736,2026-01-14,IT,434026.055151,277894.854317,156131.2,243833.746031,86,5046.814595,Direct,INR,Actual,34061.11,13.97,35.97
TXN-00737,2026-01-15,Customer Support,212992.053382,181090.783657,31901.27,173709.769748,70,3042.74362,Partner,INR,Actual,7381.01,4.25,14.98
TXN-00738,2026-01-16,Finance,220359.458481,130484.884141,89874.57,132562.808397,83,2654.933235,Direct,INR,Accrual,-2077.92,-1.57,40.79
TXN-00739,2026-01-17,Operations,583316.42483,461544.483075,121771.94,417926.586781,107,5451.555372,Direct,INR,Actual,43617.9,10.44,20.88
TXN-00740,2026-01-18,Operations,515448.62611,364949.831564,150498.79,414437.367206,76,6782.218765,Direct,INR,Actual,-49487.54,-11.94,29.2
TXN-00741,2026-01-19,Customer Support,204145.396609,148370.784832,55774.61,152573.071611,83,2459.583092,Online,INR,Actual,-4202.29,-2.75,27.32
TXN-00742,2026-01-20,Administration,174328.645764,141579.82704,32748.82,145066.237449,35,4980.81845,Enterprise,INR,Actual,-3486.41,-2.4,18.79
TXN-00743,2026-01-21,Human Resources,148893.673152,109869.507573,39024.17,115022.204401,60,2481.561219,Direct,INR,Accrual,-5152.7,-4.48,26.21
TXN-00744,2026-01-22,Procurement,236754.085177,237733.158799,-979.07,195041.733018,98,2415.858012,Online,INR,Actual,42691.43,21.89,-0.41
TXN-00745,2026-01-23,Administration,211950.370868,163714.3763,48235.99,155737.196634,87,2436.211159,Direct,INR,Actual,7977.18,5.12,22.76
TXN-00746,2026-01-24,Marketing,305398.108752,262857.739533,42540.37,298047.455387,75,4071.974783,Online,INR,Actual,-35189.72,-11.81,13.93
TXN-00747,2026-01-25,Administration,215101.368975,158582.210902,56519.16,142917.564928,85,2530.604341,Direct,INR,Actual,15664.65,10.96,26.28
TXN-00748,2026-01-26,Procurement,335783.89156,197472.037031,138311.85,204583.54837,127,2643.96765,Partner,INR,Actual,-7111.51,-3.48,41.19
TXN-00749,2026-01-27,Finance,229578.624736,135030.644862,94547.98,148863.948204,106,2165.836082,Partner,INR,Actual,-13833.3,-9.29,41.18
TXN-00750,2026-01-28,Sales,723084.725288,487007.059279,236077.67,438852.249769,97,7454.481704,Direct,INR,Actual,48154.81,10.97,32.65
TXN-00751,2026-01-30,Logistics,420077.419006,281201.955129,138875.46,266627.795601,79,5317.435684,Partner,INR,Actual,14574.16,5.47,33.06
TXN-00752,2026-01-31,Logistics,358967.560984,290066.099822,68901.46,275591.080808,86,4174.041407,Enterprise,INR,Actual,14475.02,5.25,19.19
TXN-00724,2026-02-01,Human Resources,146774.298706,123019.936965,23754.36,115933.864148,85,1726.756455,Enterprise,INR,Accrual,7086.07,6.11,16.18
TXN-00754,2026-02-02,R&D,456252.420002,323037.038979,133215.38,331599.697281,105,4345.261143,Online,INR,Accrual,-8562.66,-2.58,29.2
TXN-00782,2026-02-03,Marketing,285813.180912,306122.72078,-20309.54,286943.318464,54,5292.836684,Partner,INR,Accrual,19179.4,6.68,-7.11
TXN-00813,2026-02-04,Administration,167998.97233,180709.575509,-12710.6,170171.679067,94,1787.22311,Online,INR,Accrual,10537.9,6.19,-7.57
TXN-00842,2026-02-05,Finance,268626.811714,139849.208931,128777.6,141432.509689,103,2608.027298,Online,INR,Accrual,-1583.3,-1.12,47.94
TXN-00873,2026-02-06,Finance,252128.515667,131015.024217,121113.49,141773.993084,97,2599.263048,Direct,INR,Accrual,-10758.97,-7.59,48.04
TXN-00765,2026-02-13,Procurement,330191.963392,188073.946326,142118.02,202749.926267,90,3668.799593,Direct,INR,Accrual,-14675.98,-7.24,43.04
TXN-00766,2026-02-14,Procurement,340198.675763,204720.277176,135478.4,209435.659949,84,4049.984235,Partner,INR,Accrual,-4715.38,-2.25,39.82
TXN-00767,2026-02-15,Human Resources,151358.546919,98241.406742,53117.14,131909.111737,118,1282.69955,Enterprise,INR,Accrual,-33667.7,-25.52,35.09
TXN-00768,2026-02-16,Marketing,366484.665901,293046.698679,73437.97,286144.217651,122,3003.972671,Enterprise,INR,Accrual,6902.48,2.41,20.04
TXN-00769,2026-02-17,Logistics,424939.81526,294641.973539,130297.84,284920.57096,93,4569.245325,Partner,INR,Actual,9721.4,3.41,30.66
TXN-00770,2026-02-18,Administration,192476.865338,170178.719398,22298.15,156518.744327,92,2092.139841,Partner,INR,Accrual,13659.98,8.73,11.58
TXN-00771,2026-02-19,Administration,195425.041031,161467.173649,33957.87,168722.453377,78,2505.449244,Partner,INR,Accrual,-7255.28,-4.3,17.38
TXN-00772,2026-02-20,IT,383170.582861,248452.346525,134718.24,277038.281076,41,9345.623972,Direct,INR,Accrual,-28585.93,-10.32,35.16
TXN-00773,2026-02-21,Legal,205869.938594,118794.656584,87075.28,126380.495278,94,2190.10573,Online,INR,Actual,-7585.84,-6.0,42.3
TXN-00774,2026-02-22,R&D,520113.369849,323147.644428,196965.73,342396.460182,94,5533.120956,Online,INR,Accrual,-19248.82,-5.62,37.87
TXN-00775,2026-02-23,IT,435854.779113,282880.101246,152974.68,280376.047857,69,6316.735929,Partner,INR,Accrual,2504.05,0.89,35.1
TXN-00776,2026-02-24,Logistics,431014.805792,284434.867437,146579.94,272251.832228,98,4398.110263,Online,INR,Accrual,12183.04,4.47,34.01
TXN-00777,2026-02-25,Logistics,391911.144376,278793.075552,113118.07,297373.988608,72,5443.210339,Direct,INR,Actual,-18580.91,-6.25,28.86
TXN-00778,2026-02-26,Marketing,358348.481721,330939.922054,27408.56,312059.637535,58,6178.422099,Online,INR,Actual,18880.28,6.05,7.65
TXN-00779,2026-02-27,Marketing,372832.28069,274417.208912,98415.07,275633.057428,82,4546.73513,Online,INR,Actual,-1215.85,-0.44,26.4
TXN-00780,2026-02-28,Administration,441822.812668,211193.43524,230629.38,154816.881111,64,2637.757029,Online,INR,Accrual,56376.55,36.41,52.2
TXN-00725,2026-03-01,R&D,443906.285679,331117.33996,112788.95,340130.252365,72,6165.365079,Partner,INR,Accrual,-9012.91,-2.65,25.41
TXN-00755,2026-03-02,Legal,154764.839218,133100.499619,21664.34,131386.850151,95,1629.103571,Enterprise,INR,Actual,1713.65,1.3,14.0
TXN-00783,2026-03-03,Customer Support,204699.334166,162951.71641,41747.62,181430.053619,87,2352.86591,Direct,INR,Accrual,-18478.34,-10.18,20.39
TXN-00814,2026-03-04,Procurement,279452.076291,216598.205646,62853.87,209109.321509,93,3004.861035,Direct,INR,Actual,7488.88,3.58,22.49
TXN-00843,2026-03-05,Operations,511572.452604,379097.473102,132474.98,403408.381458,89,5748.005085,Online,INR,Actual,-24310.91,-6.03,25.9
TXN-00874,2026-03-06,R&D,471788.57639,366432.07828,105356.5,364574.413834,92,5128.1367,Direct,INR,Accrual,1857.66,0.51,22.33
TXN-00793,2026-03-13,IT,378947.718117,250761.170698,128186.55,267588.477967,89,4257.839529,Direct,INR,Actual,-16827.31,-6.29,33.83
TXN-00794,2026-03-14,Administration,202212.845883,160099.522594,42113.32,164278.918313,92,2197.965716,Direct,INR,Actual,-4179.4,-2.54,20.83
TXN-00795,2026-03-15,IT,469178.195056,259454.195102,209724.0,260494.190277,76,6173.397303,Online,INR,Actual,-1040.0,-0.4,44.7
TXN-00796,2026-03-16,Legal,190467.469841,136620.308078,53847.16,125696.886176,99,1923.913837,Direct,INR,Actual,10923.42,8.69,28.27
TXN-00797,2026-03-17,Logistics,483389.624857,281000.610418,202389.01,283820.58451,101,4786.03589,Enterprise,INR,Actual,-2819.97,-0.99,41.87
TXN-00798,2026-03-18,Operations,522525.930813,367509.603973,155016.33,429928.81425,82,6372.267449,Online,INR,Actual,-62419.21,-14.52,29.67
TXN-00799,2026-03-19,IT,375432.521578,264863.879774,110568.64,288107.117743,78,4813.237456,Enterprise,INR,Accrual,-23243.24,-8.07,29.45
TXN-00800,2026-03-20,Human Resources,163829.559247,131310.717087,32518.84,122994.340378,92,1780.756079,Enterprise,INR,Accrual,8316.38,6.76,19.85
TXN-00801,2026-03-21,Logistics,397386.887616,290342.653862,107044.23,269553.117387,100,3973.868876,Direct,INR,Accrual,20789.54,7.71,26.94
TXN-00802,2026-03-22,Customer Support,241343.744581,172413.048019,68930.7,175713.423528,61,3956.454829,Direct,INR,Accrual,-3300.38,-1.88,28.56
TXN-00803,2026-03-23,Legal,181073.562096,136528.602866,44544.96,130239.409195,103,1757.995749,Enterprise,INR,Actual,6289.19,4.83,24.6
TXN-00804,2026-03-24,Logistics,426155.746655,438572.358143,-12416.61,276963.827625,55,7748.286303,Direct,INR,Accrual,161608.53,58.35,-2.91
TXN-00805,2026-03-25,Operations,684209.72599,404504.494492,279705.23,418432.501153,81,8447.033654,Partner,INR,Accrual,-13928.01,-3.33,40.88
TXN-00806,2026-03-26,R&D,505048.202484,406409.33073,98638.87,360348.933068,71,7113.354965,Online,INR,Actual,46060.4,12.78,19.53
TXN-00807,2026-03-27,Marketing,337117.126601,316844.959174,20272.17,275242.006502,80,4213.964083,Partner,INR,Accrual,41602.95,15.12,6.01
TXN-00808,2026-03-28,Logistics,326970.867529,295057.528834,31913.34,297245.34566,104,3143.950649,Direct,INR,Actual,-2187.82,-0.74,9.76
TXN-00809,2026-03-29,Operations,646618.273524,365775.529803,280842.74,406825.406166,85,7607.273806,Partner,INR,Accrual,-41049.88,-10.09,43.43
TXN-00810,2026-03-30,Finance,293431.297277,164501.484712,128929.81,147418.418216,85,3452.132909,Direct,INR,Accrual,17083.07,11.59,43.94
TXN-00811,2026-03-31,R&D,513353.666923,377522.922685,135830.74,364548.908842,42,12222.706355,Enterprise,INR,Actual,12974.01,3.56,26.46
TXN-00726,2026-04-01,Marketing,337878.488607,281848.908173,56029.58,280670.148895,74,4565.925522,Online,INR,Accrual,1178.76,0.42,16.58
TXN-00756,2026-04-02,Administration,197285.887405,152780.136718,44505.75,168749.192724,71,2778.67447,Online,INR,Accrual,-15969.06,-9.46,22.56
TXN-00784,2026-04-03,Logistics,398039.389141,333094.087732,64945.3,286609.585986,91,4374.059221,Direct,INR,Accrual,46484.5,16.22,16.32
TXN-00815,2026-04-04,Finance,228506.966751,138843.448288,89663.52,137898.026279,102,2240.26438,Online,INR,Accrual,945.42,0.69,39.24
TXN-00844,2026-04-05,Operations,563469.529185,368576.133602,194893.4,379280.826478,105,5366.376468,Online,INR,Accrual,-10704.69,-2.82,34.59
TXN-00875,2026-04-06,Human Resources,137705.720573,105674.116773,32031.6,119453.925676,104,1324.093467,Direct,INR,Accrual,-13779.81,-11.54,23.26
TXN-00824,2026-04-13,Administration,206151.881702,157283.012061,48868.87,172968.914057,75,2748.691756,Partner,INR,Accrual,-15685.9,-9.07,23.71
TXN-00825,2026-04-14,Finance,232604.160566,131186.390333,101417.77,153916.828423,95,2448.464848,Enterprise,INR,Actual,-22730.44,-14.77,43.6
TXN-00826,2026-04-16,Operations,612390.216639,408164.179654,204226.04,403816.400727,85,7204.590784,Partner,INR,Accrual,4347.78,1.08,33.35
TXN-00827,2026-04-17,Human Resources,155274.914307,134112.867464,21162.05,133472.744723,83,1870.7821,Enterprise,INR,Accrual,640.12,0.48,13.63
TXN-00828,2026-04-18,IT,414180.629623,272922.554443,141258.08,270955.223333,85,4872.71329,Online,INR,Accrual,1967.33,0.73,34.11
TXN-00829,2026-04-19,Customer Support,242518.844051,145019.498681,97499.35,183502.449993,107,2266.531253,Online,INR,Actual,-38482.95,-20.97,40.2
TXN-00830,2026-04-20,Sales,659842.781628,413365.838208,246476.94,412708.334316,77,8569.386774,Partner,INR,Accrual,657.5,0.16,37.35
TXN-00831,2026-04-21,Operations,633442.663244,418506.11859,214936.54,425470.484334,104,6090.794839,Direct,INR,Actual,-6964.37,-1.64,33.93
TXN-00832,2026-04-22,Marketing,372008.94475,275151.794028,96857.15,292570.480955,80,4650.111809,Partner,INR,Actual,-17418.69,-5.95,26.04
TXN-00833,2026-04-23,Legal,170933.936175,137885.910529,33048.03,135411.017436,99,1726.605416,Direct,INR,Accrual,2474.89,1.83,19.33
TXN-00834,2026-04-24,Procurement,393727.218935,216359.138353,177368.08,211297.151397,93,4233.62601,Partner,INR,Accrual,5061.99,2.4,45.05
TXN-00835,2026-04-25,Operations,569899.545414,407985.78486,161913.76,402963.044009,92,6194.560276,Partner,INR,Accrual,5022.74,1.25,28.41
TXN-00836,2026-04-26,Logistics,370180.312902,262922.055098,107258.26,279078.068091,74,5002.436661,Enterprise,INR,Actual,-16156.01,-5.79,28.97
TXN-00837,2026-04-27,Marketing,369668.733344,338094.662738,31574.07,301609.246554,76,4864.062281,Online,INR,Actual,36485.42,12.1,8.54
TXN-00838,2026-04-28,Finance,289425.376552,137527.558976,151897.82,151691.552899,88,3288.924734,Direct,INR,Accrual,-14163.99,-9.34,52.48
TXN-00839,2026-04-29,Operations,709593.968999,388873.639825,320720.33,442825.183928,54,13140.629056,Partner,INR,Accrual,-53951.54,-12.18,45.2
TXN-00840,2026-04-30,Operations,560949.030763,400742.893564,160206.14,429817.595073,64,8764.828606,Enterprise,INR,Accrual,-29074.7,-6.76,28.56
TXN-00727,2026-05-01,IT,447255.516154,242456.917689,204798.6,266007.410347,92,4861.473002,Partner,INR,Actual,-23550.49,-8.85,45.79
TXN-00757,2026-05-02,Customer Support,212041.790067,184591.592648,27450.2,170219.40075,77,2753.789481,Online,INR,Accrual,14372.19,8.44,12.95
TXN-00785,2026-05-03,Customer Support,215100.09569,167210.576462,47889.52,169099.771115,57,3773.685889,Direct,INR,Accrual,-1889.19,-1.12,22.26
TXN-00816,2026-05-04,Procurement,273122.210628,239890.089903,33232.12,199396.236532,77,3547.041696,Enterprise,INR,Accrual,40493.85,20.31,12.17
TXN-00845,2026-05-05,R&D,443897.805658,376930.85091,66966.95,335312.685388,82,5413.387874,Partner,INR,Actual,41618.17,12.41,15.09
TXN-00876,2026-05-06,Marketing,316702.6452,290517.182393,26185.46,264925.967013,93,3405.404787,Online,INR,Actual,25591.22,9.66,8.27
TXN-00853,2026-05-13,Customer Support,279070.67364,186136.206718,92934.47,169253.646849,75,3720.942315,Direct,INR,Accrual,16882.56,9.97,33.3
TXN-00854,2026-05-14,IT,410370.987244,259002.913035,151368.07,250627.265873,105,3908.295117,Partner,INR,Accrual,8375.65,3.34,36.89
TXN-00855,2026-05-15,Legal,195837.86639,137321.56497,58516.3,122586.463273,86,2277.184493,Online,INR,Accrual,14735.1,12.02,29.88
TXN-00856,2026-05-16,Legal,197059.138806,128057.868757,69001.27,121908.907715,100,1970.591388,Enterprise,INR,Accrual,6148.96,5.04,35.02
TXN-00857,2026-05-17,Legal,195968.117756,113164.656377,82803.46,123824.584272,101,1940.278394,Partner,INR,Accrual,-10659.93,-8.61,42.25
TXN-00858,2026-05-18,IT,404320.006862,262766.372747,141553.63,273239.562593,95,4256.000072,Direct,INR,Accrual,-10473.19,-3.83,35.01
TXN-00859,2026-05-19,Finance,224544.084573,156111.279574,68432.8,146548.832306,68,3302.118891,Enterprise,INR,Actual,9562.45,6.53,30.48
TXN-00860,2026-05-20,Sales,644879.261701,406084.210014,238795.05,413050.681946,59,10930.156978,Direct,INR,Actual,-6966.47,-1.69,37.03
TXN-00861,2026-05-21,Human Resources,172112.034852,135396.393184,36715.64,125842.884806,91,1891.341042,Partner,INR,Actual,9553.51,7.59,21.33
TXN-00862,2026-05-22,R&D,438319.649255,372451.37934,65868.27,338935.535233,111,3948.825669,Direct,INR,Accrual,33515.84,9.89,15.03
TXN-00863,2026-05-23,Administration,231238.63262,162111.510828,69127.12,166191.871129,111,2083.230925,Partner,INR,Accrual,-4080.36,-2.46,29.89
TXN-00864,2026-05-24,Marketing,348790.863096,293954.106029,54836.76,267168.201022,49,7118.18088,Direct,INR,Accrual,26785.91,10.03,15.72
TXN-00865,2026-05-25,Sales,753082.656004,452646.923172,300435.73,437465.407564,78,9654.905846,Online,INR,Accrual,15181.52,3.47,39.89
TXN-00866,2026-05-26,Legal,175214.002673,135066.389025,40147.61,139779.587138,72,2433.527815,Enterprise,INR,Actual,-4713.2,-3.37,22.91
TXN-00867,2026-05-27,Legal,181951.302145,123578.044997,58373.26,136665.610085,76,2394.096081,Direct,INR,Actual,-13087.57,-9.58,32.08
TXN-00868,2026-05-28,Legal,152939.670528,121701.344351,31238.33,133590.195928,48,3186.243136,Direct,INR,Actual,-11888.85,-8.9,20.43
TXN-00869,2026-05-29,Customer Support,227834.967989,190279.174824,37555.79,166808.559997,69,3301.956058,Direct,INR,Accrual,23470.61,14.07,16.48
TXN-00870,2026-05-30,Operations,594734.778567,392908.685776,201826.09,390053.179099,76,7825.457613,Direct,INR,Actual,2855.51,0.73,33.94
TXN-00871,2026-05-31,Procurement,261171.053359,207282.660313,53888.39,213171.725078,82,3185.012846,Online,INR,Actual,-5889.06,-2.76,20.63
TXN-00728,2026-06-01,Logistics,402661.614601,301349.686711,101311.93,261879.647751,99,4067.289036,Online,INR,Actual,39470.04,15.07,25.16
TXN-00758,2026-06-02,Logistics,376465.640754,255273.448888,121192.19,293485.833957,58,6490.78691,Partner,INR,Accrual,-38212.39,-13.02,32.19
TXN-00786,2026-06-03,Administration,161595.898968,151205.025294,10390.87,161382.595059,74,2183.728364,Enterprise,INR,Accrual,-10177.57,-6.31,6.43
TXN-00817,2026-06-04,R&D,586138.056322,352166.460148,233971.6,391313.130849,67,8748.329199,Online,INR,Accrual,-39146.67,-10.0,39.92
TXN-00846,2026-06-05,Finance,272899.895515,136992.697406,135907.2,148045.406783,52,5248.074914,Enterprise,INR,Actual,-11052.71,-7.47,49.8
TXN-00877,2026-06-06,Sales,647858.054941,402527.516405,245330.54,434464.442538,96,6748.521406,Partner,INR,Actual,-31936.93,-7.35,37.87
TXN-00884,2026-06-13,Operations,625698.302516,423345.445933,202352.86,393643.958531,51,12268.594167,Partner,INR,Actual,29701.49,7.55,32.34
TXN-00885,2026-06-14,IT,350372.034515,261214.315116,89157.72,232768.561751,76,4610.158349,Online,INR,Accrual,28445.75,12.22,25.45
TXN-00886,2026-06-15,Operations,627067.875068,368381.933259,258685.94,364929.450499,72,8709.276043,Partner,INR,Actual,3452.48,0.95,41.25
TXN-00887,2026-06-16,Operations,548842.598317,351572.257045,197270.34,393691.564528,80,6860.532479,Online,INR,Actual,-42119.31,-10.7,35.94
TXN-00888,2026-06-17,Marketing,305602.131796,303572.889765,2029.24,296327.475897,106,2883.038979,Partner,INR,Accrual,7245.41,2.45,0.66
TXN-00889,2026-06-18,Procurement,251510.507974,190173.952299,61336.56,214782.450177,81,3105.068,Online,INR,Actual,-24608.5,-11.46,24.39
TXN-00890,2026-06-19,Procurement,313967.493677,205717.099236,108250.39,190167.82461,71,4422.077376,Enterprise,INR,Accrual,15549.27,8.18,34.48
TXN-00891,2026-06-20,Legal,172763.674582,123312.75735,49450.92,129325.648299,83,2081.490055,Online,INR,Accrual,-6012.89,-4.65,28.62
TXN-00892,2026-06-21,R&D,456519.967229,302464.917986,154055.05,356981.536931,65,7023.384111,Partner,INR,Actual,-54516.62,-15.27,33.75
TXN-00893,2026-06-22,Human Resources,142399.533522,121988.83996,20410.69,124201.372182,97,1468.036428,Partner,INR,Accrual,-2212.53,-1.78,14.33
TXN-00894,2026-06-23,Logistics,325413.11295,263221.663595,62191.45,282835.36924,92,3537.099054,Online,INR,Actual,-19613.71,-6.93,19.11
TXN-00895,2026-06-24,Operations,555981.615313,368168.601548,187813.01,405143.33688,81,6863.970559,Direct,INR,Accrual,-36974.74,-9.13,33.78
TXN-00896,2026-06-25,IT,1062143.412343,236477.254137,825666.16,240403.827357,79,4921.049344,Partner,INR,Accrual,-3926.57,-1.63,77.74
TXN-00897,2026-06-26,R&D,441304.977452,334218.732327,107086.25,336040.400456,93,4745.214811,Partner,INR,Actual,-1821.67,-0.54,24.27
TXN-00898,2026-06-27,Procurement,211832.056144,197547.960994,14284.1,189214.468148,81,2615.21057,Enterprise,INR,Actual,8333.49,4.4,6.74
TXN-00899,2026-06-28,Administration,184116.686077,161907.172243,22209.51,146450.430976,71,2593.192762,Direct,INR,Accrual,15456.74,10.55,12.06
TXN-00900,2026-06-30,Customer Support,222859.302687,157671.711841,65187.59,167941.335602,65,3428.604657,Partner,INR,Actual,-10269.62,-6.12,29.25
TXN-00729,2026-07-01,IT,386338.915102,264693.685421,121645.23,232498.212933,78,4953.063014,Online,INR,Accrual,32195.47,13.85,31.49
TXN-00759,2026-07-02,Marketing,467240.680118,290410.422221,176830.26,292372.29543,82,5698.057075,Partner,INR,Actual,-1961.87,-0.67,37.85
TXN-00787,2026-07-03,Logistics,355891.203963,292722.765046,63168.44,266209.658812,106,3357.464188,Direct,INR,Actual,26513.11,9.96,17.75
TXN-00818,2026-07-04,IT,462463.69695,282129.033171,180334.66,263666.104047,82,5639.801182,Partner,INR,Accrual,18462.93,7.0,38.99
TXN-00847,2026-07-05,Procurement,320309.844642,264138.37176,56171.47,209521.514825,61,5250.98106,Enterprise,INR,Actual,54616.86,26.07,17.54
TXN-00878,2026-07-06,Customer Support,208542.935666,162870.701767,45672.23,174212.120758,56,3723.980994,Online,INR,Accrual,-11341.42,-6.51,21.9
TXN-00730,2026-08-01,R&D,403095.575877,364790.780069,38304.8,330670.830741,136,2963.938058,Direct,INR,Actual,34119.95,10.32,9.5
TXN-00760,2026-08-02,Administration,199274.920484,169105.874743,30169.05,168762.685249,70,2846.784578,Online,INR,Accrual,343.19,0.2,15.14
TXN-00788,2026-08-03,Sales,714212.249305,501541.092957,212671.16,460035.925583,58,12314.004298,Online,INR,Accrual,41505.17,9.02,29.78
TXN-00819,2026-08-04,Marketing,357636.033084,319327.963811,38308.07,295185.505462,42,8515.143645,Direct,INR,Actual,24142.46,8.18,10.71
TXN-00848,2026-08-05,Finance,201317.040048,118708.8659,82608.17,144747.460689,79,2548.316963,Partner,INR,Actual,-26038.59,-17.99,41.03
TXN-00879,2026-08-06,Logistics,366186.07521,310123.20792,56062.87,285653.615019,92,3980.283426,Direct,INR,Actual,24469.59,8.57,15.31
TXN-00731,2026-09-01,Operations,601596.606636,408806.153347,192790.45,409579.68573,98,6138.740884,Enterprise,INR,Accrual,-773.53,-0.19,32.05
TXN-00761,2026-09-02,Logistics,414297.265285,248676.644671,165620.62,296868.129238,52,7967.255102,Enterprise,INR,Actual,-48191.48,-16.23,39.98
TXN-00789,2026-09-03,Marketing,322478.734385,266399.577296,56079.16,276160.700066,70,4606.839063,Enterprise,INR,Actual,-9761.12,-3.53,17.39
TXN-00820,2026-09-04,Sales,691829.009357,430834.998192,260994.01,464288.050107,111,6232.693778,Enterprise,INR,Accrual,-33453.05,-7.21,37.73
TXN-00849,2026-09-05,Customer Support,276374.552364,176245.807761,100128.74,168697.056082,84,3290.173242,Online,INR,Accrual,7548.75,4.47,36.23
TXN-00880,2026-09-06,R&D,415884.630851,372858.15095,43026.48,339630.336107,76,5472.166195,Enterprise,INR,Actual,33227.81,9.78,10.35
TXN-00732,2026-10-01,Marketing,310416.929666,280111.893936,30305.04,286263.615489,80,3880.211621,Direct,INR,Actual,-6151.72,-2.15,9.76
TXN-00762,2026-10-02,Customer Support,245500.605305,160054.395856,85446.21,181592.467412,50,4910.012106,Partner,INR,Accrual,-21538.07,-11.86,34.8
TXN-00790,2026-10-03,Legal,177809.428268,135609.03571,42200.39,133712.461718,104,1709.706041,Online,INR,Accrual,1896.57,1.42,23.73
TXN-00821,2026-10-04,Procurement,295636.062651,204774.519797,90861.54,230302.081258,81,3649.827934,Partner,INR,Accrual,-25527.56,-11.08,30.73
TXN-00850,2026-10-05,Operations,560200.648354,409244.665296,150955.98,397018.199268,60,9336.677473,Direct,INR,Accrual,12226.47,3.08,26.95
TXN-00881,2026-10-06,IT,401495.534443,247521.196946,153974.34,240259.153717,67,5992.470663,Partner,INR,Actual,7262.04,3.02,38.35
TXN-00733,2026-11-01,Procurement,313962.404977,196363.268924,117599.14,199253.426074,119,2638.339538,Direct,INR,Actual,-2890.16,-1.45,37.46
TXN-00763,2026-11-02,Human Resources,172890.676291,139413.15962,33477.52,120689.271302,74,2336.36049,Direct,INR,Accrual,18723.89,15.51,19.36
TXN-00791,2026-11-03,R&D,535707.14644,321389.355471,214317.79,362488.373098,114,4699.185495,Direct,INR,Accrual,-41099.02,-11.34,40.01
TXN-00822,2026-11-04,R&D,412756.329195,342235.846344,70520.48,392723.407665,56,7370.648736,Partner,INR,Accrual,-50487.56,-12.86,17.09
TXN-00851,2026-11-05,R&D,398124.985793,369920.209394,28204.78,351671.420628,75,5308.333144,Direct,INR,Accrual,18248.79,5.19,7.08
TXN-00882,2026-11-06,Legal,148569.131641,106993.263641,41575.87,131825.351817,79,1880.62192,Online,INR,Actual,-24832.09,-18.84,27.98
TXN-00734,2026-12-01,Marketing,322886.985879,271822.413488,51064.57,298740.106099,112,2882.919517,Enterprise,INR,Accrual,-26917.69,-9.01,15.81
TXN-00764,2026-12-02,Sales,719877.839808,422048.862525,297828.98,438667.23542,74,9728.078916,Direct,INR,Accrual,-16618.37,-3.79,41.37
TXN-00792,2026-12-03,Sales,722145.80547,428711.37388,293434.43,408466.391689,69,10465.881239,Direct,INR,Actual,20244.98,4.96,40.63
TXN-00823,2026-12-04,IT,378062.680193,219093.685699,158968.99,275634.843439,74,5108.955138,Enterprise,INR,Accrual,-56541.16,-20.51,42.05
TXN-00852,2026-12-05,Operations,537443.806207,1174755.404939,-637311.6,383571.625581,97,5540.657796,Enterprise,INR,Actual,791183.78,206.27,-118.58
TXN-00883,2026-12-06,Marketing,338591.856016,287194.405587,51397.45,294426.127377,63,5374.473905,Enterprise,INR,Actual,-7231.72,-2.46,15.18
